sample_id,language,text,sentiment,code_switched_english,english_token_count,word_count,source
isixhosa_279,isiXhosa,mdunkosi9 hybreed 🙆🏽‍♂️😂😂😂lutho bhuti sekusile yini ngithi yonke lento i phupho,positive,True,1,11,Twitter
setswana_266,Setswana,yeses this response e tlhoka come back stru,negative,True,1,8,Twitter
sepedi_102,Sepedi,ke tsile ke tla ke goa ke opela mo 1 otlhe and nowmy headaches likei dont its painful that one i know,positive,True,4,21,Twitter
sesotho_140,Sesotho,e bohloko that thing obe hantle,positive,True,1,6,Twitter
sepedi_059,Sepedi,gape ato just wants motogo,negative,True,1,5,Twitter
isixhosa_221,isiXhosa,mthembu khumbulu bengibekisa… ngeke sixabaniswe imali engekho okay ngokuzama ng esincane … ngizobuza umama yongy094 if singakunika malini,negative,True,2,17,Twitter
sesotho_024,Sesotho,rena we paying1500 plus1000 for transport,neutral,True,2,6,Twitter
isixhosa_075,isiXhosa,lmkonqo 🤣🤣🤣🤣 kaloku you were busy finding notes from donkey years ago awatsho ubana you are packing,negative,True,4,16,Twitter
sesotho_112,Sesotho,oreka 6 felase bereketse those were thee timesnow kedi ice tropez,neutral,True,2,10,Twitter
setswana_256,Setswana,mare lona guys i ve been too quiet mare why le tshela mayonnaise jwalo hake happy mahn,negative,True,4,17,Twitter
setswana_221,Setswana,wa tshwana mos o ema line tsa anaconda for that,negative,True,1,10,Twitter
sepedi_045,Sepedi,dude ke tshetse petrol gore ke bake today okare ke tshela matipane,positive,True,1,12,Twitter
sepedi_050,Sepedi,lol gape company is a whole different thing,neutral,True,3,8,Twitter
setswana_250,Setswana,madume lekoko ke a leboga thata ka go tshameka pina eo ya big zulu voicemail ke tsositswe ke yona,positive,True,1,19,Twitter
sepedi_241,Sepedi,haha plus gwa fisha lmao,neutral,True,1,5,Twitter
sepedi_171,Sepedi,lol nah e ka se go tshware cos setse o a tseba nou,positive,True,2,13,Twitter
sesotho_224,Sesotho,o enkile hantle ka nnete o la itjella chepisi a khaona le taba tse ngata,negative,True,1,15,Twitter
setswana_166,Setswana,waitse ekare nka lla sale ke opellwa ka team ye since yesterday go phakela please,negative,True,2,15,Twitter
setswana_239,Setswana,lol ke tlo o penyelletsa fatshe joalo ka senepeng seo,neutral,True,1,10,Twitter
sesotho_124,Sesotho,tlohela moya oo layela so that o tlo thusa bana batho thokoza gogo o hantle,negative,True,2,15,Twitter
sesotho_081,Sesotho,damn now i zoomed in on lori harvey toes they dont look good,negative,True,5,13,Twitter
setswana_010,Setswana,nagana mara this happening to one yoh buhle must be helpednako eo such happens each day go thata go ba ngwanyana,negative,True,2,21,Twitter
setswana_077,Setswana,rragwe faith sounds like a conman bathong,positive,True,2,7,Twitter
sesotho_045,Sesotho,etsang fast ba kwatile batho nou,positive,True,1,6,Twitter
sepedi_110,Sepedi,i have mathata ba teng mo lapeng ya go tla ba le ha,positive,True,2,13,Twitter
sepedi_278,Sepedi,futhe angaaowalang kahle a fane a tata yinga tlakuleki,positive,True,2,9,Twitter
setswana_078,Setswana,ntate teboho moloi s songs makes you feel like everything is gonna be okay,positive,True,6,14,Twitter
sesotho_271,Sesotho,all the photos from lori harveys glamourous birthday celebrations,positive,True,1,9,Twitter
sesotho_059,Sesotho,ohh mona go a tobetsa hela,negative,True,1,6,Twitter
sesotho_299,Sesotho,she can ko public place nahana cheri ya hao ba monka videos and alles ale all over dancing,neutral,True,3,18,Twitter
sesotho_091,Sesotho,ha rena chance today just before1000 ne ke mametse 91i almost thought it was a saturday radio,negative,True,6,17,Twitter
setswana_294,Setswana,bese it s 4 games for tomorrow,neutral,True,2,6,Twitter
setswana_093,Setswana,very beautiful tlaya you will get a discount if you buy two,positive,True,6,12,Twitter
setswana_128,Setswana,city e tshwana le motho are o supporter bdf xi,negative,True,1,10,Twitter
sesotho_063,Sesotho,uso e bitsa majoala joale empa yesbo nthabisa blindtrue love,positive,True,1,10,Twitter
sesotho_297,Sesotho,dumelang le phela joang welcome to the wednesday edition of the best breakfast show in the land tlamang mababanta ha re eeng pooopooopooopoooh,positive,True,4,23,Twitter
sesotho_128,Sesotho,ketla onkela sepe hoseng it helps ka focus wa tseba obviously because re rata redbull tlabe ontso o e nwa as well,negative,True,2,22,Twitter
sepedi_071,Sepedi,so youre gonna suffer until you go back complaining go kase thue babe,negative,True,2,13,Twitter
sesotho_022,Sesotho,nkampa yase work out haketlo o kgalemella motho 1 or something hangata hao ngwana you know whats right and wrong,negative,True,4,19,Twitter
setswana_053,Setswana,pitso mosimane has revealed he currently has two offers to return to coaching one with a club and another with a national team,neutral,True,6,23,Twitter
isixhosa_166,isiXhosa,havana bloom yes ngibe happy once😩🤣cabanga sengi trend nalezicathulo 💀💀,negative,True,2,10,Twitter
sepedi_108,Sepedi,bona this is the most south african thing,positive,True,4,8,Twitter
isixhosa_209,isiXhosa,the way everyone is helping 😭😭😭😭 ndiyabulela from the bottom of my heart🙏🏽,positive,True,4,12,Twitter
sesotho_056,Sesotho,can we have a hip hop gig ko maseru ya stateng mafikeng tlheng bagolo re nyoretswe motswako re baakanye dikgokgotso before maftown heights tuuuu,neutral,True,4,24,Twitter
isixhosa_051,isiXhosa,xolamagau when mine was doing gr1 ndandisiya at least once a week i even started buying from that school shop iyadura impahla yesikolo,negative,True,7,23,Twitter
sesotho_043,Sesotho,kganya mkhangisas body is one that i need for myself,neutral,True,3,10,Twitter
sesotho_055,Sesotho,siyabonga bafo isoccer laduma is blockile thina abanye,neutral,True,1,8,Twitter
sepedi_024,Sepedi,yaanong ha monna a sa batle go go leaver go dirwa jang these ladies continue to emba papa ss themselves waitse,neutral,True,2,21,Twitter
sepedi_044,Sepedi,its 40 percent degrees in the northern cape so ke photse ka ntho tse soft,positive,True,2,14,Twitter
sepedi_244,Sepedi,you guys are just a bunch of harlots aowa,positive,True,4,9,Twitter
setswana_138,Setswana,lona le tshameka hela after bfa e kgalema on that date,negative,True,1,11,Twitter
isixhosa_236,isiXhosa,sharing a bottle of cab sauv over a fire chatting adulting tings with the old man will always be top tier moments for me ndiyabulela tenza,positive,True,7,26,Twitter
sesotho_068,Sesotho,i read this with a british accent boela lapeng,neutral,True,3,9,Twitter
sepedi_164,Sepedi,na yu sabi wetin i no sabi,positive,True,2,7,Twitter
isixhosa_216,isiXhosa,evidence shongw like how mara 247 365 soze 🤞🙆😳🙆,positive,True,2,6,Twitter
sesotho_033,Sesotho,somarr o kreile chomio tlao introduce to dilo tse mo etsang a sa borega,positive,True,1,14,Twitter
isixhosa_089,isiXhosa,my mom rushing home to make eggless bcoz umhlangano pancakes for us before kungene isabatha❤️ushembe wangena wazinza ekhaya🤍,positive,True,3,19,Twitter
isixhosa_273,isiXhosa,nkosi dlamini angithi uyeva kelihle le planweve been fed mediocrity for far too long,negative,True,1,14,Twitter
isixhosa_102,isiXhosa,michaelbucwa pity that she won’t understand what you tweeted here khuluma bro 😂,positive,True,5,13,Twitter
sesotho_078,Sesotho,looks like ndebele mara o motle,positive,True,1,6,Twitter
sesotho_010,Sesotho,bathong lebo vele you woke up thinking we hate you ole motle tje,negative,True,4,13,Twitter
sepedi_156,Sepedi,unprovoked and then tlebe le bolela ka di be kindle rude gore yeses,neutral,True,2,13,Twitter
sepedi_211,Sepedi,beneran mau gabung isinya absurd ini haha syarat utama cm hard culer,negative,True,2,12,Twitter
sepedi_087,Sepedi,dont blame you katis artwork is simple phenomenal and i will never get tired of saying it,negative,True,9,17,Twitter
sepedi_169,Sepedi,a happy wild one to leano,negative,True,2,6,Twitter
isixhosa_095,isiXhosa,sisandasigidi ubaxelele ndiyabulela for intervening in my absentia 🤌🤌🤌,positive,True,1,8,Twitter
sepedi_052,Sepedi,ayii i doubt ehlile ke batho ba mona ba lesapo kea li ja ntho tseno otsebe,negative,True,1,16,Twitter
sesotho_139,Sesotho,ke nahana ke nna ke le mong a utloang mocheso ona kapa re chella libe tsa rona,negative,True,1,17,Twitter
sesotho_250,Sesotho,bo so sheba ho ea holimo,positive,True,1,6,Twitter
sesotho_191,Sesotho,is that the best you can do o nahana ke tlo hlabeya ke sebunu se o se buwang,positive,True,7,18,Twitter
sesotho_126,Sesotho,but also theres a new man in their life go bata a bolella the mom if shes ok with him attending a tsamaye,neutral,True,8,23,Twitter
sepedi_136,Sepedi,i hope he was hey,neutral,True,3,5,Twitter
isixhosa_292,isiXhosa,real kingsfiso maybe u living with the biggest lie endlini awenze idna yengane uyeke amanga akude unake aseduze kwakho,neutral,True,2,19,Twitter
sepedi_055,Sepedi,tanki ke ene nneng a hlokahala eseng mo gongwe mo,neutral,True,1,10,Twitter
sepedi_079,Sepedi,le ene are o go rata thata auntiza wa overseas,positive,True,1,10,Twitter
sesotho_131,Sesotho,hantle the emphasis e hona mono ha lea loka,negative,True,1,9,Twitter
sepedi_185,Sepedi,ke bone batho koo groovng ba gautsana mo koloing and come back like nothing happened rent free,negative,True,2,17,Twitter
sepedi_057,Sepedi,imma need your account suspended ngeke phela,positive,True,2,7,Twitter
isixhosa_043,isiXhosa,mashudu m scene a scared the shit out of me but b is hilarious iyosuka impi kulaba bobabili rasta usile se moer,neutral,True,5,22,Twitter
setswana_251,Setswana,i m never grooving ka sunday cos go thata rn,negative,True,2,10,Twitter
isixhosa_264,isiXhosa,2022africa kanti what is it with you guys and not adding sugar to amasi😂😂,positive,True,6,14,Twitter
sepedi_219,Sepedi,le yena why is she looking at the cards as if they have minds of their own,negative,True,8,17,Twitter
setswana_245,Setswana,uena u tseba ntate eo u buang ka eena i know ka botlalo le hona kea utluisisa,neutral,True,1,17,Twitter
sepedi_114,Sepedi,mme a bolela nnete casemiro ga e kake a simolola fa pele ga scott,neutral,True,2,14,Twitter
sesotho_249,Sesotho,bumps ke eng tlheng rona sale ka docha ka letlhabaphefo skolong teacher a sa ilo kgetla thupa,neutral,True,1,17,Twitter
isixhosa_119,isiXhosa,msmabala yaz i noticed its soo crazy some show the location 😭 cabanga in this country 😳,negative,True,3,15,Twitter
isixhosa_173,isiXhosa,ujekebuzi lutho i slept at 3am binge watching on netflix,neutral,True,2,10,Twitter
sepedi_175,Sepedi,a re nweng ka moka,positive,True,1,5,Twitter
isixhosa_123,isiXhosa,glendumi1 maagarash inganekwane lento yenu ye politikimina abantu abalandela ozumamalemaramaphosa and many more ababhadlanga ekhandaabantu abangadliwa yi 3 card ejozi in my terms ububharinyana lento,negative,True,4,24,Twitter
setswana_016,Setswana,yaaa o xapo exactly what i felt ka maloba,neutral,True,2,9,Twitter
sesotho_214,Sesotho,what a time to be a mosotho oa lesotho,positive,True,4,9,Twitter
sesotho_162,Sesotho,its funny how rude you guys become when trying to make a point on the tl ha le tsebe ho bua hantle mare,negative,True,5,23,Twitter
sepedi_287,Sepedi,someone please refer me to a graphic designer that can edit youtube videos in joburg please,negative,True,6,16,Twitter
sesotho_082,Sesotho,kgang kego collector di point you never know when would they reveal the prize,negative,True,6,14,Twitter
isixhosa_108,isiXhosa,qokani stiff pap nesibindi or namaqanda zimnandi kangaka,positive,True,1,8,Twitter
setswana_071,Setswana,kamoso i m telling my crush i love him a bo reya ko ga molaodi,negative,True,5,15,Twitter
sesotho_235,Sesotho,also quavo nea etsang a dlala ma dice ko kasi as a millionaire,negative,True,2,13,Twitter
isixhosa_010,isiXhosa,by khanyi inkinga ubhuti akaqali ukubuza lembuzo enokugcinazela abasebenzi and yena usuke ekhulumela ama business as usual i think abantu bakhathele lol,negative,True,3,22,Twitter
sepedi_293,Sepedi,with 4 eyes mara o betha mang vele eff are last cowards those hooligans are only good in vandalism,negative,True,5,18,Twitter
sepedi_124,Sepedi,nadia yena yoh she wants diamond and shes so mad at zari coz she feels she can never be better than her,negative,True,9,22,Twitter
sesotho_283,Sesotho,reminder we are meeting again tomorrow for the 2nd leg of featuring chabala mbao and still delving deeper into mental health amp,negative,True,7,22,Twitter
sepedi_141,Sepedi,ke gatile monwana gore iyoo aowa the ke ta ira studio kwano aah,negative,True,1,13,Twitter
setswana_136,Setswana,let me try and watch this carter movie while ke santse ke kgotshe jaana,neutral,True,3,14,Twitter
sepedi_082,Sepedi,with salt not sugar nana no,negative,True,2,6,Twitter
setswana_282,Setswana,my late grandma would call you lepstshega ne a re motho o boi o bidiwa yalo,positive,True,4,16,Twitter
setswana_140,Setswana,ha tonota s own a tserwe ke dira kgotla - madisakwana s own,positive,True,1,12,Twitter
isixhosa_202,isiXhosa,sasah thunzi im alright how are you ezami izindaba are very bad lately manje i dont really have time for my phone 😖,negative,True,11,22,Twitter
isixhosa_009,isiXhosa,me4opresident soze sana feluthando,positive,True,1,5,Twitter
isixhosa_267,isiXhosa,usathi ukwi emergency ye xxxvideos ngapha kmele ucacise ukba youre not a robotreally now 🙄,neutral,True,3,14,Twitter
isixhosa_037,isiXhosa,you guys were not voting for mpilo yhooo bethuna idolssa,positive,True,3,10,Twitter
sesotho_072,Sesotho,letlotlo refuses to drive a re hes got a lot on his mind o tlo etsa di phoso hwa thusa hore a be teng mo mare,negative,True,4,26,Twitter
setswana_290,Setswana,tshwanetse ele nna hela mo lehatsheng o seng mo relationshipng batho ba ratana and go gontle gore,positive,True,1,17,Twitter
sepedi_157,Sepedi,i love kids mare yoh bana ba tla o kopanya hloho hleng,neutral,True,2,12,Twitter
isixhosa_092,isiXhosa,leebellarossa okanye abhubhe ziintlungu because iyabonakala ibuhlungu lanto 😢,negative,True,1,8,Twitter
setswana_022,Setswana,i want to be a responsible citizen and report this mess to the authorities mntase thuma mina innit,negative,True,6,18,Twitter
isixhosa_138,isiXhosa,mdnnewss abanye bacabanga ukuthi sizonesa ama feelings wabo la if you cant read isizulu then musa ukuthanda izindaba,negative,True,3,18,Twitter
sepedi_245,Sepedi,somebody needs to teach me thisi have never ever prepared for a race like this or ke ntho tsa dielite,neutral,True,7,20,Twitter
sepedi_159,Sepedi,hoja ampa a itulela hae,negative,True,1,5,Twitter
setswana_146,Setswana,lol na mina nori vona kwala ka fbk,neutral,True,1,8,Twitter
sepedi_193,Sepedi,in that case ka moka ga rena a reyeng ga monokami,neutral,True,2,11,Twitter
sesotho_234,Sesotho,missing ntate thuso because uncle reg is belting out grown up music,neutral,True,2,12,Twitter
isixhosa_004,isiXhosa,monsieurponto mhlekazi why do you not add prices 😅 or are they steep,positive,True,7,12,Twitter
isixhosa_104,isiXhosa,ori rsa ori usudlile khehla😂😂😂ngathi ulambiledoes he even understand zulu though 😭,negative,True,1,12,Twitter
isixhosa_170,isiXhosa,sbewuomuhle comfortmnguni mdnnewss angekeandiyi and andizisoze😎,positive,True,1,6,Twitter
sesotho_114,Sesotho,so in return letlo re sendela le lena mpe kebe big red flag ya nathi mthethwa yao kganya le boshego,neutral,True,1,20,Twitter
isixhosa_287,isiXhosa,nkoskhodola 23 of course we are unbeatable right now and akhonto nizoyenza ngalonto,negative,True,4,12,Twitter
sesotho_028,Sesotho,kea u nahana and she has your traits,neutral,True,4,8,Twitter
sepedi_129,Sepedi,aowa banna succession planning ereng a sa berekiswe,negative,True,1,8,Twitter
setswana_095,Setswana,teko modise says pitso mosimane used to say if you don t wanna play it s ok cause we still gonna win without you,positive,True,7,24,Twitter
setswana_031,Setswana,dont be disrespectful ke mogolo mme oh hebanna,positive,True,2,8,Twitter
sepedi_275,Sepedi,lmao whats the alternative ba mo bolaye,neutral,True,1,7,Twitter
isixhosa_248,isiXhosa,jgz foundation frivolous ashonaphi amahloni kule foundation isn’t that the patrons middle name,neutral,True,2,14,Twitter
sesotho_009,Sesotho,that was less mitigating calling for introspective reviewanc must go is what we are preparing forke dinyane dikgolo di setla,positive,True,7,20,Twitter
sepedi_234,Sepedi,bathong why didnt you just say iron deficiency,neutral,True,3,8,Twitter
isixhosa_148,isiXhosa,oh my girl khosi bethuna 😍bbtitans,positive,True,1,6,Twitter
setswana_023,Setswana,bangwe ba jelwe maabane bosigo ga ke rogane ke a bona ke hetisa molaetsa,neutral,True,1,14,Twitter
setswana_044,Setswana,a go tlatse ka 1 authi ya kwa renkeng then bosigo a go founele be a re babes ke nna yo le wa zak,positive,True,4,23,Twitter
sesotho_179,Sesotho,i am also panicking but has advised that one needs to download their ticket and it should be sufficientno screenshot though downloadhauweng,neutral,True,10,22,Twitter
sesotho_172,Sesotho,hai maan o tshela thupa this morning ntombi o re etsang mara,neutral,True,2,12,Twitter
isixhosa_026,isiXhosa,oh bethuna umntu wam love and light kuye❤️,positive,True,2,8,Twitter
isixhosa_198,isiXhosa,zoemkoena thenga ibhodlela usele what okunye zokubona ngomso 🤷,neutral,True,1,8,Twitter
setswana_027,Setswana,hi themma you look familiar chat ya teng ithele ele awks gore i look familiar,neutral,True,2,15,Twitter
sesotho_095,Sesotho,batho ha bata go re lothanya ba bua hela jaana nna a bo ke iphetela hela,positive,True,1,16,Twitter
setswana_037,Setswana,feels like a hip hop friday sentle sentle go labokae,positive,True,2,10,Twitter
setswana_168,Setswana,buying electricity in bulk has it s disadvantages i last bought electricity in april,neutral,True,5,14,Twitter
sesotho_233,Sesotho,ke nahana page ena ea africa facts zone moderator ke mosotho kapa someone who has lived in lesotho,neutral,True,2,18,Twitter
setswana_118,Setswana,madume ntate waka re mmogo ka loleme la marena it s going to be a shuprapapaa halibajee,neutral,True,3,17,Twitter
setswana_067,Setswana,iyooo my thing is running away you mean o tshela coke 500ml o be o kenya black halls ka mogare ga putsutsu,positive,True,4,22,Twitter
sesotho_298,Sesotho,i was too excited to be walking with the streetlights on to mind it empa le bona ba hloka ho theotheola pace hanyane fela,negative,True,5,24,Twitter
sesotho_182,Sesotho,buka ya metshameko ka kakaretso happy birthday abut,positive,True,1,8,Twitter
isixhosa_203,isiXhosa,ncamsile actually thats not right ngoba the time usudla ntambama uzodla kakhulu coz you havent eaten usuku lonke,positive,True,3,18,Twitter
sesotho_015,Sesotho,empa ke point of sale that should be charged differently,negative,True,3,10,Twitter
setswana_129,Setswana,wena otla kwatela ke monnamosadi akere okwe a re chomie kganthe wa mpereka jang mobane yeses,negative,True,1,16,Twitter
sepedi_210,Sepedi,a re mpho is leaving tomorrow bathong joke e kana,negative,True,3,10,Twitter
isixhosa_034,isiXhosa,abuttiitshepsyd asekandaba zama enewcastle amanzi amancane this one,positive,True,1,8,Twitter
sesotho_134,Sesotho,kere whenever it is hot rena di tea lovers la re attacker unprovoked,negative,True,2,13,Twitter
sesotho_029,Sesotho,u tsebe boholo ba bona those males ba khothaletsuoe ke basali mabatooeng,negative,True,1,12,Twitter
sepedi_261,Sepedi,guest house for what katlego,positive,True,1,5,Twitter
isixhosa_217,isiXhosa,why are men yho haa bethuna,positive,True,2,6,Twitter
sesotho_007,Sesotho,ke nahana ena e ngotsoe ke motho oa le dc seeking sympathy kapa a leka ho itlhatsoa ka abc ho latela litaba tsa eona,negative,True,1,24,Twitter
isixhosa_167,isiXhosa,hes still with yvonne bethuna 🤣🤣,neutral,True,1,5,Twitter
isixhosa_028,isiXhosa,i need to get myself a phone as in yesterday bethuna 🕯️,neutral,True,3,11,Twitter
isixhosa_125,isiXhosa,errolbsk yes illegally so kodwa ke icala aliboli,negative,True,2,8,Twitter
sepedi_271,Sepedi,hppy brthday more faith and hope,positive,True,2,6,Twitter
sepedi_291,Sepedi,also why did i read his name as idibala,positive,True,3,9,Twitter
setswana_213,Setswana,eitse ha tonosa bamo raya are pu fatshe,positive,True,1,8,Twitter
sepedi_097,Sepedi,lena le nale drama but same,negative,True,1,6,Twitter
setswana_288,Setswana,khono u ke oa njoetsa hore u motsoetse e le nthabiseng a fihla li mofahlile esale a siea ngoana le nkhono,negative,True,2,21,Twitter
setswana_219,Setswana,don t leave them banyana baka,negative,True,1,6,Twitter
sepedi_032,Sepedi,see what i mean hothwe ke nale pelo empi yanong ere ke robale,negative,True,2,13,Twitter
setswana_163,Setswana,i feel like nkaba a sa araba,positive,True,4,7,Twitter
isixhosa_054,isiXhosa,mateboho ml jonga 😉see you on the 26th february 👍,positive,True,2,9,Twitter
sesotho_020,Sesotho,indeed thuso why dont you piss off and stop generating racism you prick,negative,True,5,13,Twitter
sepedi_299,Sepedi,gareth bale is gunna take us to qatar,neutral,True,2,8,Twitter
sepedi_200,Sepedi,why e na le meriri,neutral,True,1,5,Twitter
sesotho_261,Sesotho,jooo u tla utloa mariha a tlang from stories ke utloe hore batho bao ba lubaa ha ke tsebe ba eletsoa ke mang askies,positive,True,1,24,Twitter
sepedi_179,Sepedi,bathong vroeg sonkebe sale a re sebela rona batho ba zeerust,neutral,True,1,11,Twitter
isixhosa_232,isiXhosa,i’m never working for another small yt owned company again kuyagezwa phaya,neutral,True,2,13,Twitter
sepedi_089,Sepedi,ha o rutile mmaabo you are set,positive,True,2,7,Twitter
setswana_188,Setswana,kore ya nong lere setoko kgakala e ke otlhopa lebokoso kgotsa chelete keba rata botlhe maar1 must be sihle zikalala,negative,True,1,20,Twitter
setswana_125,Setswana,i hope i don t have to ke betsa botlhoko,negative,True,3,10,Twitter
setswana_227,Setswana,panties tsa teng ekare you re about to start braai fire ka tsona,negative,True,1,13,Twitter
sepedi_209,Sepedi,out of all that qvs exit saddens me the most also with dinky leaving the game so soon aowa we have suffered with this season hle,positive,True,9,26,Twitter
isixhosa_140,isiXhosa,koko matshela uxolo bra yam hope you come right💪🏽,positive,True,1,9,Twitter
sepedi_297,Sepedi,i have been searching for themke a rata joang,positive,True,4,9,Twitter
isixhosa_098,isiXhosa,tamongs92 yintoni i peanut butter ngesixhosa,negative,True,1,6,Twitter
sesotho_198,Sesotho,money moolah chelete but dololo cent,neutral,True,2,6,Twitter
setswana_235,Setswana,lol mpfu o tlo betha ke di judges ka pene one day he always gets under their skin,negative,True,4,18,Twitter
sesotho_130,Sesotho,it was highly likely to affect fetus ke hopola ka mokho ene ntsokotse ka teng so ke nahana what it can do to the baby,neutral,True,8,25,Twitter
sesotho_207,Sesotho,thuso mbedu dazzled in this louis vuitton dress at the,neutral,True,2,10,Twitter
setswana_231,Setswana,thata he s a good looking man,positive,True,3,7,Twitter
setswana_094,Setswana,shelly are primi wednesday kamoso mme di class tsame di tsena maitseboa,neutral,True,1,12,Twitter
sepedi_011,Sepedi,hhayi no bonang is more beautiful than waffles justaowacked unclewaffles insta umuhle kabi wena ndlovukazi bangakukohlisi,neutral,True,3,16,Twitter
setswana_248,Setswana,no chief naye uthulile engabe uyangenelela bakithy okuncono kuncwatshwe bese yokubekwa ikhulunywe after,neutral,True,1,13,Twitter
sesotho_163,Sesotho,ty moo cana ho so le hole haholo ha re le fallisetsa teng re etse tjee feela,positive,True,1,17,Twitter
sepedi_199,Sepedi,garteine hela selo sela please,positive,True,1,5,Twitter
sepedi_060,Sepedi,and its for free keha ke hakgametse gore le nna,positive,True,1,10,Twitter
isixhosa_007,isiXhosa,ill just work on maintaining this level at the very least okwamanje 😪🙃,negative,True,5,12,Twitter
isixhosa_097,isiXhosa,rafaelh117 highly possible pep is a hard man to please,negative,True,4,10,Twitter
sepedi_276,Sepedi,nna motho a ka tseba gore ke nale black belt,negative,True,1,10,Twitter
setswana_209,Setswana,the body can t take it anymore re ba tonna ntate,positive,True,3,11,Twitter
isixhosa_008,isiXhosa,utywala make us happy bafanas,negative,True,2,5,Twitter
setswana_058,Setswana,you ll here excuses like we are still building from kaizer chiefs bese15 games with 4 wins bazothi zwane must go,positive,True,6,20,Twitter
isixhosa_057,isiXhosa,madiboity what do you know mhlekazi,positive,True,3,6,Twitter
setswana_286,Setswana,at this point se segolo ke bophelo,neutral,True,1,7,Twitter
sepedi_221,Sepedi,people here lie aowa r 5k cant give you flights 4 star accommodation and all inclusive package thats impossible,negative,True,4,18,Twitter
setswana_189,Setswana,haaaa bese it ll be stuck on ntuli and it s goodbye discount,positive,True,4,13,Twitter
setswana_112,Setswana,se bone t a bo pudi kgakala t a bo nku di pipilwe ka mesela,neutral,True,2,15,Twitter
setswana_114,Setswana,bese the followers ask wenzeni that time he is on parole,neutral,True,4,11,Twitter
isixhosa_213,isiXhosa,bonganiii why kancan kancane kakhulu kakhulu,positive,True,1,6,Twitter
isixhosa_291,isiXhosa,kleanique h p mzwanelemanyi explain the low carbs thing mhlekazi,positive,True,1,10,Twitter
setswana_190,Setswana,and go nkgile thata neh,positive,True,1,5,Twitter
sesotho_116,Sesotho,i owe myself a vacation and shopping esale ke qetela taba tsena 219,negative,True,3,12,Twitter
setswana_299,Setswana,this is exactly what i said to someone maloba,neutral,True,4,9,Twitter
isixhosa_035,isiXhosa,destinyzee we are busy selling condoms to enhle demand is high kancane ngenganekwane ye titties,neutral,True,3,15,Twitter
sepedi_266,Sepedi,ah bra tshepo ba re marete a rena,negative,True,1,8,Twitter
setswana_032,Setswana,etla ho ntsha bathong why are you guys losing le mbhorile shem i remain a khosi though,negative,True,5,17,Twitter
sepedi_248,Sepedi,lmao happy birthday doc i was saying nna ke ikopela mesese ya gago but mesese came as message,neutral,True,4,18,Twitter
setswana_083,Setswana,basadi ba tshega under this tweet you are not nice people,positive,True,4,11,Twitter
sesotho_259,Sesotho,louyas bata nga ni angkas oi kasab an man,neutral,True,1,9,Twitter
isixhosa_237,isiXhosa,oceangiggless yhoooo that akwande or he reminds later that khange ucele uxolo😂,positive,True,4,12,Twitter
isixhosa_068,isiXhosa,if i could amasi would be my every day dish🥺,neutral,True,6,10,Twitter
isixhosa_105,isiXhosa,the way yall love this ba straata song mara masithi yall for the streets la kwata e ra gorr inkinga islungu,neutral,True,4,21,Twitter
isixhosa_085,isiXhosa,my neighbour and their friends love a house party mntkbw sbwl a quiet sunday evening indoors but bathe “soze” 😂🥲…at least they’re having fun 🙃,positive,True,9,25,Twitter
sepedi_295,Sepedi,ke nna owangwana o mongwe leon mongwe ke waka so haii ga ke batle sepe,positive,True,1,15,Twitter
sesotho_220,Sesotho,banabeso ke lebohile tshehetso ya lona haholo fela ramasedi a mpolokele lona,positive,True,1,12,Twitter
setswana_171,Setswana,kgosi is blowing the whistle,positive,True,2,5,Twitter
sepedi_084,Sepedi,tumelo wa teng ke sure ha monate wherever she is i woke up to drunk vns,negative,True,3,16,Twitter
sepedi_232,Sepedi,modimo o bone gabotse gore o tlo re tshwenya a se go fe yona,neutral,True,1,14,Twitter
setswana_021,Setswana,feat check b hey mama s touch good music and music and music and mmino,positive,True,4,15,Twitter
sesotho_034,Sesotho,ga ke akgelebatho ba rata kgang e ya gore mahatshe a cheap,positive,True,1,12,Twitter
sepedi_130,Sepedi,ge le ka hlakana le bopapa mo strateng le ba betheng ka maswika please,neutral,True,1,14,Twitter
isixhosa_112,isiXhosa,when mshunqisi says ngempela ngempela ngempela ngempela ngempela,neutral,True,1,8,Twitter
setswana_045,Setswana,i hear you loud and clear ausi,positive,True,3,7,Twitter
isixhosa_074,isiXhosa,if une chance yotsweba umbane mtswebe anye,negative,True,1,7,Twitter
sesotho_083,Sesotho,yeah better that way re tlo etsang back2school,positive,True,3,9,Twitter
setswana_268,Setswana,rona re buiwa gole bosula hela always,negative,True,1,7,Twitter
sesotho_243,Sesotho,ntsoarele ausi oaka ha ke kolote ha ke koloteee e sa le a ntse a mema oo nkoatetse ke li shit fela empa serious le shap,negative,True,2,26,Twitter
isixhosa_294,isiXhosa,my birthday is this fridayguys ngicela ama present niyezwa,neutral,True,3,9,Twitter
setswana_275,Setswana,ga ke batle ba fofa ka nna have to keep it short,neutral,True,2,12,Twitter
sesotho_032,Sesotho,sometimes youll even think of standing in the middle of the street o memeze gore bathong tlheng tlang le re nyobeng,negative,True,2,21,Twitter
sesotho_110,Sesotho,true our people are afraid to walk through the shadows of darkness ba tshaba lefifi not knowing lesedi le le lekisa lefifi,positive,True,4,22,Twitter
sepedi_077,Sepedi,maele a batswadi ao boloke pelong ya gago apare boka pheta mo molaleng,positive,True,1,13,Twitter
setswana_269,Setswana,i heard they ve budgeted for it gongwe go tla nna botoka,neutral,True,3,12,Twitter
sepedi_139,Sepedi,mare ha e na jaive ame tshelete o ne ke a batla,negative,True,1,12,Twitter
sesotho_244,Sesotho,mara after falling off of a mountain kapele so ba dlala ka rena,positive,True,2,13,Twitter
setswana_074,Setswana,wanting tamsyn to win is coonery of the highest order weee abantwana baka rama,negative,True,2,14,Twitter
isixhosa_021,isiXhosa,zeziminqweno and u know why ndikujongile 😃,positive,True,2,6,Twitter
sepedi_064,Sepedi,i hope today is wonderful and that youre able to rest burnout is hard af love ya,negative,True,8,17,Twitter
sepedi_142,Sepedi,nna a ke tsebe se salang i got my meal vouchers re kgotse nou,negative,True,3,14,Twitter
setswana_117,Setswana,ao bathong jaanong hot dog yone ne a e isa kae,negative,True,1,11,Twitter
sesotho_077,Sesotho,ebile wena oe namela e le betere e kreye ka bo 5am o ya mogwase lerome northam do trebiwa maretereterete,positive,True,2,20,Twitter
sesotho_064,Sesotho,ive covered and followed inaugurations its a first ntate mosisili o la roleloa khaebane ke dc ntate tom a ke lebetse empa ela lla,negative,True,3,24,Twitter
sepedi_140,Sepedi,you guys never stop nehke eng le batla go thibiwa ke lewatle e monate mo mesong,positive,True,2,16,Twitter
setswana_285,Setswana,loki a mathata a lekgotla la gago kua kwa-zulu natal ntate,negative,True,2,12,Twitter
isixhosa_142,isiXhosa,mat boschh they should hire that man as a stuntman umosha iskhathi doing deliveries,negative,True,4,14,Twitter
sepedi_225,Sepedi,ja nor ke boile makihutjo a fedile,positive,True,1,7,Twitter
sesotho_215,Sesotho,ke qetile mahlo ke diala ha a je letho,neutral,True,1,9,Twitter
sepedi_267,Sepedi,a go berekiweng we cant have batho ba ba sa batleng go dira dinamane,neutral,True,4,14,Twitter
isixhosa_270,isiXhosa,one person followed me automatically checked by,neutral,True,1,7,Twitter
sesotho_187,Sesotho,a bua kanna ke sure ke nahana ke schumacher,neutral,True,1,9,Twitter
sesotho_053,Sesotho,mos ko kreya go tletse at the salon already setse gonale traffic,neutral,True,2,12,Twitter
isixhosa_106,isiXhosa,pule madondo can i answer you mangithola umsebenzi i owe myself a celebration shem,neutral,True,5,14,Twitter
setswana_018,Setswana,i ll check it out ausi and confirm of i ve received the readings,neutral,True,5,14,Twitter
setswana_068,Setswana,nnyaa a re tsweng mo go yone go hitile,neutral,True,1,9,Twitter
setswana_175,Setswana,hi kgosi please let s get married,positive,True,1,7,Twitter
sesotho_254,Sesotho,wa be o sukudisa hoseng o kwatile moo,positive,True,1,8,Twitter
sesotho_276,Sesotho,enough about what i couldnt do ka october november comes with new opportunities hauweng,negative,True,3,14,Twitter
isixhosa_015,isiXhosa,amadoda yintoni i”we’ll see”,negative,True,2,6,Twitter
sesotho_166,Sesotho,thank you that time ke wele botlhoko joang when i just reached 5km but i soldiered on,negative,True,8,17,Twitter
sesotho_291,Sesotho,motho a bona thuso and she starts screaming and losing her shit n stuff,positive,True,4,14,Twitter
setswana_165,Setswana,peter shalulile must be off the mark from today ba bolela thata nou,positive,True,3,13,Twitter
setswana_035,Setswana,we hear u sir from welkom doorn etsa fela ntate,neutral,True,1,10,Twitter
setswana_238,Setswana,thank you very much kgosi,positive,True,4,5,Twitter
sepedi_290,Sepedi,ehh ba ba matlhonyana a boroko ba yesess,positive,True,1,8,Twitter
sepedi_040,Sepedi,hes phakathi inside this guy o sebete,positive,True,1,7,Twitter
sepedi_031,Sepedi,mongwe ne are ke mo rekele icetropez eja p 6595 mo liquarama a gona ko eleaowaap bagarona,positive,True,2,16,Twitter
sepedi_243,Sepedi,ntate mokoena mohatsa mme mmalethabo mokoena aka lerato la pelo ena ya ka lehakwe la pelo ya kantata lethabo i love you hubby,negative,True,3,23,Twitter
sesotho_129,Sesotho,hai mara nahana sebokeng ai miss me,negative,True,1,7,Twitter
sepedi_137,Sepedi,a gona bothata ka network mpumi mara generally go iragalang ngi chazele ou,negative,True,2,13,Twitter
isixhosa_201,isiXhosa,siviwe gs mxoduda look2windwards tamie4life yes uyazi kakuhle mntase 😂,positive,True,1,11,Twitter
setswana_265,Setswana,dear nna kao rata thata one day yooooh one day i ll meet you this is me affirming,positive,True,5,18,Twitter
sepedi_004,Sepedi,i hope the person i date likes it salty,positive,True,4,9,Twitter
setswana_233,Setswana,no ways kgosi i don t believe you,neutral,True,3,8,Twitter
setswana_003,Setswana,eish nna tota ga ke tsala ya mogote le eseng,negative,True,1,10,Twitter
isixhosa_134,isiXhosa,am buddahman loool hayibo soze what happened,negative,True,2,7,Twitter
setswana_055,Setswana,where can i get the full judgement ntate,neutral,True,4,8,Twitter
setswana_244,Setswana,go betsana for mosimane is wild af though,positive,True,1,8,Twitter
setswana_184,Setswana,this was an extract from manthatisi and sekonyela book 2 the kgosi rules you can get a copy here,neutral,True,9,18,Twitter
isixhosa_174,isiXhosa,ke tshela ka anxiety confidence and esteem issues but i think i turned out okay 😊,positive,True,6,15,Twitter
sesotho_143,Sesotho,siya fana lavi 3 of us ke mna kwa worse i dont know my dad this other two banale bo papabona empa nna jeso,negative,True,5,23,Twitter
isixhosa_278,isiXhosa,🧔🏿 windhoek please🧑🏻 wena mhlekazi👨🏾‍🦲 namibia,positive,True,1,5,Twitter
sesotho_136,Sesotho,is this what you tell lori,neutral,True,4,6,Twitter
isixhosa_269,isiXhosa,yaya is that makazi there bbtitans,neutral,True,3,6,Twitter
sepedi_101,Sepedi,di a bowa ko mjolofontein,neutral,True,1,5,Twitter
setswana_173,Setswana,osa tshega this is our bread and butter here,neutral,True,5,9,Twitter
sesotho_195,Sesotho,ke romele oomf chelete ya henny le haircut thoughts are being thunk,neutral,True,2,12,Twitter
isixhosa_128,isiXhosa,cozminontsomi and to think they are trying to normalise it hay sies maarni don’t even find my cousins attractive babatywa kakubi abantu,negative,True,5,23,Twitter
setswana_207,Setswana,bopha bopha someone must account,neutral,True,1,5,Twitter
isixhosa_242,isiXhosa,ncubukezim very goodkaloku bathi ianc ngumbutho wam suffer ke,neutral,True,1,9,Twitter
setswana_246,Setswana,o ka se itsi mara you cant be playing with a bball if basadi ba teng,negative,True,5,16,Twitter
isixhosa_087,isiXhosa,bhele thembisile q ewe please find other spots ezi cute but kubekhona utywala,negative,True,2,13,Twitter
sepedi_228,Sepedi,nna only theo and gopolang are dmng me ba nyaka di slip tsa betway,positive,True,4,14,Twitter
isixhosa_293,isiXhosa,msendi1 advobarryroux jonga mntase wena you know us so well 🤗,negative,True,3,10,Twitter
setswana_072,Setswana,may many follow o bolela thata,negative,True,1,6,Twitter
setswana_259,Setswana,mmm i wonder o jang moo,neutral,True,1,6,Twitter
isixhosa_025,isiXhosa,gushgirl yanga co pe is dull bra akhonto apha indawo zemandi zise kasi only,negative,True,2,14,Twitter
sepedi_067,Sepedi,kgadi ya borena o kare lo swara 16years this year mowe gona,positive,True,1,12,Twitter
sepedi_068,Sepedi,his nails were long and very dirty okare a tlete ka letsopa,neutral,True,4,12,Twitter
setswana_217,Setswana,i wrote myself reference maloba le certificate of appreciation ke rona re se dirileng,positive,True,1,14,Twitter
sepedi_212,Sepedi,maybe ntate sam o tla e etsa tjenahaele ee,neutral,True,1,9,Twitter
sepedi_013,Sepedi,motho a tsamaye a yo wela kua kgule,neutral,True,2,8,Twitter
sesotho_194,Sesotho,so lefatshe kaofela le ngola re vele,neutral,True,1,7,Twitter
isixhosa_265,isiXhosa,kubekho laaalgoa bus company here in gq yhoo oodriver bacinga baqhiba amaphelajikileza soze uyinuke imali yakho kubo,positive,True,1,17,Twitter
sepedi_300,Sepedi,bona im ready to tackle it,negative,True,1,6,Twitter
sesotho_111,Sesotho,ke bua haholo hore when im sipped ene i always regret it after,negative,True,4,13,Twitter
setswana_157,Setswana,"eish,e ya go mo tsenya dingalo eo since ele human rights advocate.",neutral,True,1,13,Twitter
isixhosa_175,isiXhosa,madunasizakele 😂😂😂🤣🤣🤣 only time will tell xolisa kusase early,positive,True,2,8,Twitter
setswana_096,Setswana,nnyaa mahoko a wetse rra,positive,True,1,5,Twitter
isixhosa_251,isiXhosa,ta size syzalouw so you really think mokotjo would be a backup to zwanecabanga kahle mfo,negative,True,6,16,Twitter
setswana_124,Setswana,okay neke ipotsa gore aa ke bona wena,negative,True,1,8,Twitter
isixhosa_116,isiXhosa,justbongza 🤣🤣🤣 yes youim sure ne vaylense izokwehla kancinci,negative,True,1,8,Twitter
sesotho_228,Sesotho,ntate thuso o kae when i need him,positive,True,2,8,Twitter
sesotho_300,Sesotho,girls kopela le itlhokomeleng go nale monna o a tsamayang a tshwara basadi marago ga fetsa abafe r6000,negative,True,2,18,Twitter
isixhosa_220,isiXhosa,mfoka jobe news just in they thought its you in that convoy mhlekazi,positive,True,4,13,Twitter
sesotho_267,Sesotho,covi19 vaccine government sends important message to sansfull story bonang big brother thuso andre de ruyter condolences lesufi kabza,neutral,True,1,19,Twitter
setswana_131,Setswana,ayi bese beyaphika kuthi bazama ukumbulala sengize ngithatha i side nami an bengeke ngikholwe if bekusho umthande but uzisholo yena udumakahle,negative,True,4,21,Twitter
sepedi_274,Sepedi,dan tshanda ne a tlhokahala ntse o ntshwarisitse letlapa,negative,True,1,9,Twitter
isixhosa_067,isiXhosa,fikz the cook athigeleba 😂 ngicela le recipe,positive,True,1,7,Twitter
sepedi_238,Sepedi,fi mett jamet jamet jamet jamet puoll how i read ur hazelezclosest rate 110 kita sepupu an di rl beb see you on my tl kadang,positive,True,5,25,Twitter
sesotho_106,Sesotho,nahana no why so innocently that time,neutral,True,4,7,Twitter
sepedi_003,Sepedi,le nna nkao kwatela keo bona gore o king of tlc and you dont want menka kwata,negative,True,3,17,Twitter
sepedi_007,Sepedi,aowa no akere we know this week batho ba di 25 ledi 27 are getting paid faacts,negative,True,4,15,Twitter
sesotho_012,Sesotho,thuso mbedu is so adorable on,positive,True,2,6,Twitter
isixhosa_191,isiXhosa,i wanna laugh at that jali and chris tweet mara i dont want mhlekazi to block me 🤣🤣😂,positive,True,6,17,Twitter
sesotho_152,Sesotho,motho eo ntate ekare ha a moholo he is not even thinking before saying anything hobane o nahana o tseba haholo,negative,True,4,21,Twitter
setswana_122,Setswana,kagiso wa tura are founela ntate phiri,negative,True,1,7,Twitter
sepedi_216,Sepedi,ke dutse ke tlou mokgareng its not even kotapass nine,positive,True,1,10,Twitter
isixhosa_186,isiXhosa,lindilesifile ndilibele but sowetan is retweeting me,neutral,True,3,7,Twitter
sepedi_028,Sepedi,maam that place is the ghetto tswa hela koo remember youre the one who said id see kabza in sa,neutral,True,5,20,Twitter
isixhosa_258,isiXhosa,clibo sa1 i need to heal mhlekazi,positive,True,1,7,Twitter
sesotho_062,Sesotho,lesedi kganya i am happy to announce will now be shipping outside south africa we courier world wide at your own cost thokozani,positive,True,8,23,Twitter
setswana_223,Setswana,maloba went there for the 1st time hey,neutral,True,2,8,Twitter
setswana_181,Setswana,ke bosigo guys my daughter wants to sleep,neutral,True,1,8,Twitter
setswana_029,Setswana,matla sona dankie ditsala a monate wa mmino wa sedumedi 88 8,negative,True,1,10,Twitter
sesotho_154,Sesotho,proves that thusos character isnt just hyperbole,negative,True,2,7,Twitter
setswana_139,Setswana,you dont need to kwat bese ngisho nje ukuthi most people are not aware of ra is saying,negative,True,6,18,Twitter
sesotho_236,Sesotho,ke jele granola a bo ke nwa faefe and ke tswa ditshiping ha o bata ntwa a re bue sente ke nwa alcohol not temperature,positive,True,4,25,Twitter
isixhosa_150,isiXhosa,gugla grl uhlalaphi maybe inkinga ilapho lol,positive,True,2,7,Twitter
sesotho_099,Sesotho,lmfao rekopa a new menu on the lunch boxes pls,neutral,True,2,10,Twitter
sepedi_257,Sepedi,bathong amo leave me alone please,positive,True,2,6,Twitter
sepedi_292,Sepedi,ke pallwa ke gotsamaa kana i wont even make it to taung kamoso,neutral,True,2,13,Twitter
sepedi_026,Sepedi,roma deserves a top 4 spot,positive,True,1,5,Twitter
sesotho_037,Sesotho,ke ba shebile ba etsa bonnete ba hore ba fa e mong ke e mong a litulong ke ea ipotsa na hana sena se bakoa keng,positive,True,1,26,Twitter
sesotho_285,Sesotho,your pastor also lie to you every sunday including other newspapers empa hao buwe fakoldont reserve words for him amp,negative,True,2,20,Twitter
sepedi_048,Sepedi,the real meaning of that khuli track tswa da,neutral,True,2,9,Twitter
sesotho_019,Sesotho,this doesnt make sense we know thope is not happening so why do all this sometimes i hate this show,negative,True,11,20,Twitter
sepedi_107,Sepedi,watseba bothata a se small odds ke wager mzala wager 10tao o tla bona gore 143 ase small odds,negative,True,1,18,Twitter
setswana_199,Setswana,a ba tlhasetse le ka fa go wena ka foo kgosi,positive,True,1,11,Twitter
sepedi_056,Sepedi,ao ntate ice i feel you my nigga this is the sweetest thing honestly and im a proud senyofu,neutral,True,9,19,Twitter
sesotho_223,Sesotho,is that you trending or other thuso,neutral,True,4,7,Twitter
sepedi_214,Sepedi,eish aowa ere gona le lebale,positive,True,1,6,Twitter
sepedi_121,Sepedi,foetsek wena i dont appreciate you,positive,True,3,6,Twitter
isixhosa_018,isiXhosa,slunce14 e mma nta rona setse re tsamaa bo 12 mme ra tshela hela gape the clock is ticking wa bona,neutral,True,2,20,Twitter
isixhosa_168,isiXhosa,cishe ngathi sebenza brown envelope lol,neutral,True,1,6,Twitter
isixhosa_218,isiXhosa,sizwedhlomo ey sizwedhlomo phela udume ngama predictions wokvaya what did you hear now b,neutral,True,4,14,Twitter
sepedi_073,Sepedi,a go tla duduediwa ka nako go le kung fu,neutral,True,1,10,Twitter
isixhosa_048,isiXhosa,maerronxumalo phofu vele u are a hooligan 🤣🤣🤣🤣,neutral,True,2,7,Twitter
setswana_147,Setswana,mme kana the black one edi gaisa tsohle,negative,True,1,8,Twitter
setswana_116,Setswana,no ini check how many game costing errors intentional or not bese ubuye kimi,negative,True,5,14,Twitter
sesotho_258,Sesotho,nyaa ga kare latlha kare a bee okaseje mateng ele 32 degrees ka montle man nthomelela serope moo ketle go gadika,positive,True,1,20,Twitter
isixhosa_182,isiXhosa,carwootah yey why umnka ixesha elingakai thought yi 2 hours😳,positive,True,1,9,Twitter
isixhosa_146,isiXhosa,sjavas music gives me so much hope nesami isimo sizolunga,neutral,True,3,10,Twitter
sesotho_253,Sesotho,only thing i hate ka kasi ke batho ba ho dlala music hoseng eyo jeso,negative,True,3,15,Twitter
sesotho_262,Sesotho,thank you kea leboha haholo fela,positive,True,2,6,Twitter
sesotho_125,Sesotho,why ne ke nahana wa jola all this time,negative,True,2,9,Twitter
isixhosa_114,isiXhosa,king thukzin mthembu and inyama yenhloko yakhonaehostel uyanela 🤝,neutral,True,1,8,Twitter
sesotho_026,Sesotho,motho a ka nahana oa soasoa meichommie,positive,True,1,7,Twitter
isixhosa_024,isiXhosa,thamsanqa hi thamsanqa thank you for contacting us please note that we have responded to your dm,neutral,True,8,17,Twitter
sesotho_017,Sesotho,site visit 012022 countdown to this sunday have you got your ticket yethmu for deliveries and drinks will be available tlang re bueng kgang tsa pelo,neutral,True,7,25,Twitter
setswana_204,Setswana,kusamele kwe sibambe i meeting siyi goli bese usho lamazwi akho futhi,neutral,True,1,12,Twitter
isixhosa_263,isiXhosa,shimza01 is the best dj in the country… my opinion doesn’t really matter but i know music kunye,neutral,True,8,19,Twitter
sesotho_229,Sesotho,ke nahana matampi o robetse a sa ja le hoja ke nthoe mo hlahetseng today,neutral,True,2,15,Twitter
setswana_237,Setswana,yerrrr mama rori you are my size wena looking 25yrs,positive,True,3,10,Twitter
setswana_115,Setswana,i repeat efang ntate o country i really wanna see something,neutral,True,3,11,Twitter
isixhosa_001,isiXhosa,y’all are keyboard warriors y’all don’t vote kaloku idolssa,neutral,True,1,12,Twitter
sepedi_061,Sepedi,didnt we all stop owning underwear a long time ago kapa ke nna feela,neutral,True,2,14,Twitter
setswana_123,Setswana,sesi i don t even cause drama i let them see me bese the clothes will be in black bags makahambe,negative,True,7,21,Twitter
sepedi_093,Sepedi,make it 2 gore pelo e wele,positive,True,1,6,Twitter
setswana_258,Setswana,ey and it s bad go tlaa siama laitaka,positive,True,3,9,Twitter
setswana_019,Setswana,nna makuku le jaana ya gana ya ko ntlong but the mobile one is fine,negative,True,3,15,Twitter
sesotho_052,Sesotho,contradiction e teng mona papisong le gazzette e etsang appoint pm ea 20 oct designate joang a entsoe appoint,negative,True,1,18,Twitter
isixhosa_033,isiXhosa,whoever laced that cyanide clearly didn’t put enough ngicela nimqedele 🙏🏾,positive,True,1,11,Twitter
sepedi_281,Sepedi,this is not the finale i have imagined ahh shem e padile season 2 we dont need season 3 please,neutral,True,9,18,Twitter
sesotho_121,Sesotho,sheba u ka fasa lebata wa ba sober oa tsamaya ka belo ke nepahetseng motho oa gd6 a tla ho wena straight ya ba ke phetho,positive,True,1,26,Twitter
isixhosa_215,isiXhosa,lunga 21 inoba usanxilile mntasekhaya very much so,neutral,True,3,7,Twitter
sesotho_060,Sesotho,nahana fela no receptionist at school tjo,positive,True,2,7,Twitter
sesotho_123,Sesotho,nahana ha chelete ea phala phala e qeta ho likela namibia ebe motho o fihla a cho tjena,negative,True,1,18,Twitter
setswana_079,Setswana,happiest of bdays ntate blessings and cheers to the years,positive,True,2,10,Twitter
sesotho_227,Sesotho,thata kana re emeletse rothe mo lapeng nna hake tsena mo bus i see the boyfriend ka tenega gore kante gake itse,negative,True,2,22,Twitter
sesotho_178,Sesotho,this so encouraging to read your tweets that are so accommodating and encouraging a majita to stop blaming themselves with their lives ke tletse,positive,True,9,24,Twitter
isixhosa_195,isiXhosa,luna sowata nalo o zishakayo kancane is making it worse 🫠,neutral,True,2,10,Twitter
sepedi_183,Sepedi,imagine a pilot stealing 300nogal 300 ya ex convict ok le dula kae cos ke worried le tswa kasi efeng seshego neh,neutral,True,2,21,Twitter
isixhosa_192,isiXhosa,onezwa that time bendi encouraga ke mna bendingaphoxisibut akhonto wethu nomdade,negative,True,1,11,Twitter
sesotho_133,Sesotho,kopa thuso someone please help me pay my rain life is so painful without wifi,negative,True,5,15,Twitter
sepedi_111,Sepedi,le embalenhle ekene letse moo we struggling nje ka ho hema,negative,True,1,11,Twitter
sesotho_071,Sesotho,ausi oo o motle hleng btw can you please give me the and artist of the song playing in the background,negative,True,8,21,Twitter
sepedi_240,Sepedi,you deserve it all mababe naledi mogadime,neutral,True,2,7,Twitter
setswana_109,Setswana,re ngadile rotlhe hela ka room nkare its not a saturday,negative,True,2,11,Twitter
setswana_030,Setswana,mine always silent when i sleep angfuni nje kutsi kubhazamiseke emadloti ebusuku nasikhuluma bese kuyatfusa ngekutsi ku ringe,neutral,True,4,18,Twitter
sesotho_294,Sesotho,relationship di satlo fela ke loadshedding,neutral,True,1,6,Twitter
sesotho_186,Sesotho,ebe tupac ntsa etsang kare nka re drrrr fast ke khutle,neutral,True,1,11,Twitter
setswana_101,Setswana,i have been the magistrate sent me for a week inside horrible week it was at kgosi muru,neutral,True,8,18,Twitter
sepedi_262,Sepedi,cant we get his acct suspended please as a moruti shouldnt he be posting bible verses only,positive,True,7,17,Twitter
sesotho_180,Sesotho,nahana taba e ntle ha kana motho a re o traumatized ha qeta ke itse ke batla etsahale,negative,True,1,18,Twitter
setswana_050,Setswana,dj a tshameka pina ya mang,neutral,True,1,6,Twitter
sesotho_040,Sesotho,ore i love you bare thank you utlwe ekare you can rewind and press play again,positive,True,8,16,Twitter
setswana_069,Setswana,molaya-kgosi o a mo itaela,positive,True,1,6,Twitter
sesotho_252,Sesotho,stop being obsessed about khabazela wena thuso,positive,True,1,7,Twitter
sesotho_159,Sesotho,not taking any chance to not hear rock lefatshe livereally want to go to that intimate night with kbmamosadi please,negative,True,5,20,Twitter
sepedi_184,Sepedi,suzan o re thotse john ele snoop dog a fana ka warning,neutral,True,1,12,Twitter
sepedi_138,Sepedi,shoki if youre dragging me go senyegile,negative,True,2,7,Twitter
isixhosa_261,isiXhosa,zwelethuo uxolo 😬 i hope you won,positive,True,2,6,Twitter
setswana_107,Setswana,nah he s cooked hey it s the only way to explain it wa lwala daman,negative,True,5,16,Twitter
sesotho_282,Sesotho,shes in the good mood mo kope chelete,positive,True,2,8,Twitter
sepedi_081,Sepedi,was mpho the last one,negative,True,2,5,Twitter
setswana_169,Setswana,why am i in town ke thubilwe jaana,negative,True,3,8,Twitter
setswana_270,Setswana,hi swin we ni ri kwala phorola street soshanguve ext12b pretoria north,neutral,True,1,13,Twitter
setswana_162,Setswana,o sharp mara why ote fihla,negative,True,1,6,Twitter
sepedi_030,Sepedi,sorry i took long ware go bohloko ko kae,neutral,True,2,9,Twitter
sesotho_242,Sesotho,empa 30 days hae so fete,neutral,True,1,5,Twitter
sepedi_166,Sepedi,definition of this queen in particularbeautiful intelligent positive uplifting honestloyalnaturalwell spoken talented vibesloverparty starter etc,negative,True,1,15,Twitter
sepedi_249,Sepedi,mafahla a fela net so,neutral,True,2,5,Twitter
sesotho_008,Sesotho,home affairs le traffic ntho tsena tsa lone li phoshoa hoo kore le mmuso ore otla ka mpama nahana ausi thandi,negative,True,2,21,Twitter
sesotho_148,Sesotho,ah ah yaanon ore tsenya mo mathateng a gagonna weekend re bata dijo full plate,positive,True,1,15,Twitter
sesotho_047,Sesotho,watching it on tiktok nahana,neutral,True,1,5,Twitter
sesotho_035,Sesotho,ba tla go huduwa gore mercilessly theyre always bums though,neutral,True,1,10,Twitter
sepedi_286,Sepedi,nka lela 40days and 40nights go tlhakana le gore le yone bolo ga ke e rate,neutral,True,1,16,Twitter
isixhosa_050,isiXhosa,oscarnkululeko kancane kancane please theres not g,neutral,True,2,7,Twitter
sepedi_098,Sepedi,musa khawula drops a bomb and moves on to the next storygana mathatadrops allegedly then moves on,negative,True,3,17,Twitter
sesotho_168,Sesotho,etsang bana plus bana ba fela this year,neutral,True,1,8,Twitter
isixhosa_137,isiXhosa,the previous load shedding scheduled ended at 2030 and at 2100 another one kicked in… wow yintoni le esikuyo 😩,negative,True,3,17,Twitter
isixhosa_013,isiXhosa,im in this training session and everytime this trainer makes a mistake she says oopsie 🤣🤣she looks 50 huns will be huns bethuna,neutral,True,8,22,Twitter
setswana_156,Setswana,not my uber driver athi cela angikhansele uhambo bese ngithatha leyo mali sfake petrol before enghambisa,neutral,True,2,16,Twitter
isixhosa_045,isiXhosa,thuli zl lol khange ivulwe 😂,positive,True,1,5,Twitter
setswana_014,Setswana,multiple blessings on your birthday ntate gana,positive,True,1,7,Twitter
setswana_202,Setswana,dibono dintle he even though di ntsha makaka,negative,True,1,8,Twitter
setswana_158,Setswana,owaii last time o ne o rialo less than a day o bo o bua gore banna ba seka ba nama ba sule,positive,True,2,23,Twitter
setswana_089,Setswana,team ashi e mpolaya blind reetsang le happy ka this decision bo ntate,positive,True,2,13,Twitter
sepedi_066,Sepedi,sis tamara and thato deserved to be in the top 5,positive,True,3,10,Twitter
setswana_194,Setswana,you will claim at kgosi muru cmax,neutral,True,2,7,Twitter
setswana_144,Setswana,bese i ask myself why the politicians bona aren t rushing to retire batibulalisa when they are guaranteed a good retirement futsi and uyababona kutsi badziniwe,negative,True,9,26,Twitter
sesotho_268,Sesotho,le iketla hore le tsebanang maobane ke laba ka siea koloi kfc holimo ka ea down town ka maoto hoping to see anyone from here dololo,negative,True,1,26,Twitter
isixhosa_184,isiXhosa,pirates supporters i know the pain we felt it kwi chiefsnantsi i50kg ye grandpa guys it will eas the pain lol,neutral,True,9,22,Twitter
isixhosa_199,isiXhosa,johnmcardozo1 what are they stealing kanti nantsi inyama phantsi nje 🙆🏽‍♂️🙆🏽‍♂️,positive,True,3,10,Twitter
sesotho_003,Sesotho,wish i can sing that verse sefela se se maatla lefifi le letsho letsho le mofuteng o kgopo,negative,True,3,18,Twitter
sepedi_255,Sepedi,abo bani labo bastshele on how do you even find a catch,negative,True,4,12,Twitter
isixhosa_059,isiXhosa,honestly there must be some smart engineers somewhere who can resolve the maintain backlog yintoni ingxaki bethunana,negative,True,5,17,Twitter
isixhosa_124,isiXhosa,😂 i tweeted the other day here we live with people who finish 5 years bangaboni umlungu or a tall building,negative,True,7,19,Twitter
sesotho_013,Sesotho,o gorogile aker mme my girl o restilenyana,neutral,True,1,8,Twitter
sesotho_230,Sesotho,eish ke nale fela r50,neutral,True,1,5,Twitter
sepedi_222,Sepedi,nota is saying nasty c ke ngwana ke ngwana,neutral,True,1,9,Twitter
sesotho_089,Sesotho,haeba opalama serahamajoe like i do otlaa feta,positive,True,3,8,Twitter
sepedi_236,Sepedi,nkase kgone hotla abutaka wale nyaopes oteng so ke gadile borotho,positive,True,1,11,Twitter
setswana_210,Setswana,been worried about the amount of content i need to consume for this assignment due kamoso forgetting go re extensions are a thing,negative,True,6,23,Twitter
sesotho_183,Sesotho,moya mahlong a tau oya a swere serumula,neutral,True,2,8,Twitter
setswana_113,Setswana,ke tshaba go botsa gore o raya jang cos i ve always assumed le di reka hela just nje,positive,True,3,19,Twitter
sesotho_006,Sesotho,lekhale ho tletse already ka moo,neutral,True,1,6,Twitter
isixhosa_211,isiXhosa,sammy921027 gift sehlola realmrumadrive that was my question bafo ngoba naku statement wawngaveli nokuthi uthathwe ubani impendulo engayithola bathi bank charges,negative,True,4,21,Twitter
isixhosa_190,isiXhosa,bulela u dont have to use emotional blackmail for clout at the officers expense an the people who suffered ubolile,positive,True,6,20,Twitter
setswana_172,Setswana,ebile ro kopana kp societeng nna le wena g r ke explain ne pila lol,neutral,True,1,15,Twitter
isixhosa_017,isiXhosa,nomonde sky somusa esmall street so he can buy everything at a low price bese sodla inyama kwa mai mai or busy corner uzakhetha,neutral,True,5,24,Twitter
isixhosa_239,isiXhosa,langton grant stusjohnson not khayalitshalanga philip and nyanga,neutral,True,2,8,Twitter
sepedi_250,Sepedi,i think i blocked him this other time a bolela matlakala,positive,True,4,11,Twitter
setswana_160,Setswana,o a tseba nna i need to have someone explain ntate thebeeakhale before o can support this organization moruo oa mang,positive,True,6,21,Twitter
sesotho_295,Sesotho,dc should just cut a cheque aquaman o gorogile,positive,True,3,9,Twitter
sepedi_072,Sepedi,i hardly even eat their chicken to the bone,negative,True,3,9,Twitter
sepedi_095,Sepedi,never this is my life aibo mangyeka lento what else can i do my limits go as far as alcohol,positive,True,9,20,Twitter
sesotho_246,Sesotho,went to bed at 4am and i was so scared i wouldnt be able to wake up at 6am to get kganya ready for school,negative,True,9,25,Twitter
sepedi_034,Sepedi,the brown jersey e mo thusitse straight i suspect o rwele ka yona,positive,True,2,13,Twitter
setswana_262,Setswana,been saying sis please host ntate justice on burning platform,positive,True,2,10,Twitter
sesotho_279,Sesotho,nna ke lula seke bona lifoto fela mehlaena about things that happened in haholo tse academic,positive,True,1,16,Twitter
sesotho_149,Sesotho,joale hake nahana permanent head damage for the second time kere yhooo hase fete senoelo,positive,True,1,15,Twitter
sesotho_146,Sesotho,i need your permission tlheng ke faras kanathroa,neutral,True,2,8,Twitter
sepedi_260,Sepedi,lol kgang ya gore mahikeng e leswe e le hiritlhile neh,positive,True,1,11,Twitter
sepedi_205,Sepedi,i hope you learn to make it on ur own,negative,True,3,10,Twitter
sesotho_273,Sesotho,but its really hot today empa i understand its a need,negative,True,5,11,Twitter
setswana_224,Setswana,okare mosadimogolo wa leburu she can t dance for shii maara atleast she is enjoying,negative,True,4,15,Twitter
sesotho_286,Sesotho,lesedi hows things looking for me career wise this year,neutral,True,2,10,Twitter
sesotho_066,Sesotho,o ne a ba joetse ene ke sure ne ntse ba re o ntse a pota ho joang kajeno,positive,True,2,19,Twitter
setswana_212,Setswana,they will take double next month mfanaka otla sala ka ya airtime fela contact your finance provider,neutral,True,3,17,Twitter
sepedi_078,Sepedi,she sees all my tweets ke follower so hale fitlhe nix ntho entle ya praisiwa,positive,True,3,15,Twitter
sepedi_085,Sepedi,happy birthday broi hope you enjoy your day,positive,True,3,8,Twitter
sesotho_239,Sesotho,thuso mbedu in the woman king,neutral,True,1,6,Twitter
sepedi_083,Sepedi,reasoning ae tsoge this side,positive,True,1,5,Twitter
sesotho_158,Sesotho,something a father would say to his daughter lori,positive,True,2,9,Twitter
isixhosa_238,isiXhosa,nantsi ke i25 year old 😍❤️🥂🎉thank you so much to everyone who wished me a happy birthday yesterday 🙏🏾 yall made my day extra special ❤️❤️😘,positive,True,11,24,Twitter
setswana_015,Setswana,a padile maitiso betsho kene ka itirela mathata ka 217 jaanong 5years later go suffer a nna mogoa dira wa di ikgoela,negative,True,2,21,Twitter
isixhosa_286,isiXhosa,sibusisond its alot more than enough for me phofu,neutral,True,2,9,Twitter
isixhosa_176,isiXhosa,ukhozi fm ngicela ukuthi happy birthday ku akhona inganekakholwa zuma ukhozifmvabs,neutral,True,1,11,Twitter
setswana_137,Setswana,14 30 e kgakala ke lapile nna i just don t get it why primary tshwanetse e tswe so late,negative,True,5,18,Twitter
sesotho_137,Sesotho,wareng hantle i dont understand,negative,True,2,5,Twitter
sesotho_255,Sesotho,imagine the admin oyiyichola pha an emotional rag of a man ncono kuyekwe betere,negative,True,3,14,Twitter
isixhosa_180,isiXhosa,i will never switch on amp off my geyser i don’t noba umbane is expensive,negative,True,6,16,Twitter
isixhosa_162,isiXhosa,if ufuna umshado firstly u must put it into ur big head uba indoda inhloko yekhaya,negative,True,2,16,Twitter
sesotho_051,Sesotho,nako ya di pool party has arrived but still no flat stomach ora gore ge nka thoma nou december mokhaba tlabe ole betere,negative,True,4,23,Twitter
sepedi_197,Sepedi,were rocking with thato immaculate mokoena biggies favourite cup of t,neutral,True,1,11,Twitter
sesotho_165,Sesotho,if lori harvey is half as funny as her dad and looks like that she can pull any man on the planet,positive,True,8,22,Twitter
sesotho_289,Sesotho,harena film law lesotho monabatho basa tsebeng letho ka film and theatre ba lutseng ka li officeng ba re joetsa hore hare mmaraka le capacity,negative,True,1,25,Twitter
sepedi_006,Sepedi,she just wanted to say something lets give her a chance yoh mara nthabi le yena,neutral,True,3,16,Twitter
sesotho_011,Sesotho,ke tsona ntho tse etsang a hane ka number10 tsona tsena,neutral,True,1,11,Twitter
setswana_062,Setswana,okay jaanong ha ke utlwe sepe kana ke dipatje x,positive,True,1,10,Twitter
sesotho_105,Sesotho,skeem sa drivei am with my older brotherre thellela lapeng re mametse rea thella afternoon drive show ho lesedi fm ke mollelwa,neutral,True,3,22,Twitter
isixhosa_296,isiXhosa,ewnupdates kanti intoni ayaziyo lozavolo everything his asked about the answer always is i dont know im not aware i never knew about it,negative,True,9,24,Twitter
isixhosa_144,isiXhosa,ndiyaybawela ke lentwana qha iworry yam imuncu okwe lemoni ngaske athule andizekise qha lol,negative,True,1,14,Twitter
isixhosa_158,isiXhosa,ukhozifmvabsngicela ukt happy birthday kuakhona sphumelele zuma indodakazi kakholwa kwandaya akhule nje 🎂 🥳 🎉 🎈 djsgqemeza mrozawangempel ukhozi fm,positive,True,1,16,Twitter
sepedi_105,Sepedi,you better ke bone ore ke ka july ill be waiting,neutral,True,4,11,Twitter
sesotho_237,Sesotho,ke kopa thuso ya voucher please sir,positive,True,1,7,Twitter
setswana_006,Setswana,yey bese ksasa nithi how are you keeping up,neutral,True,3,9,Twitter
sepedi_063,Sepedi,so true malema is always trying to remain relevant for all the wrong reasons,positive,True,4,14,Twitter
sepedi_282,Sepedi,i hope she doesnt forget,positive,True,2,5,Twitter
isixhosa_156,isiXhosa,trinet12 dzumasambudla hey wena dont spell your nxamalala in xhosa nxn asingeni ndawo thina kulo ngxaki yenu,neutral,True,2,17,Twitter
sepedi_239,Sepedi,sbwl one day when at that part of the world just to meet the legendary ntate enos mafokate,neutral,True,5,18,Twitter
sepedi_224,Sepedi,lols thats why o type le maaka ke dilo te o di naganang,negative,True,1,13,Twitter
sepedi_146,Sepedi,team thato tamara and terry please vote for gash or mpho wabadimo only,neutral,True,4,13,Twitter
isixhosa_219,isiXhosa,fckn ironic umntu abhibhidle nje amazinyo ngobu menemeneat that time angekhe afel umntwana wakheangekhe afel umfazi wakheinstead angahamba ayothwala athengise ngemiphefumlo yabo nangegazi labo,negative,True,1,24,Twitter
sesotho_074,Sesotho,like tswang mo rena ae lol,negative,True,2,6,Twitter
sepedi_119,Sepedi,hao chomie ya ka kwena o bolelang so,negative,True,1,8,Twitter
setswana_203,Setswana,ke kgona go robala phakela a kere le lona le na le nna,positive,True,1,13,Twitter
sepedi_251,Sepedi,maybe ke anxiety e mona e fihlang before you get what youve always wantedtelling you it isnt,negative,True,6,17,Twitter
isixhosa_257,isiXhosa,andiyivha kakuhle ke le but i’ll wait…,positive,True,3,8,Twitter
sepedi_010,Sepedi,e seng mokula mme tota no,negative,True,1,6,Twitter
sesotho_150,Sesotho,o motle empa marago a gago okare a segaswi,positive,True,2,9,Twitter
setswana_274,Setswana,another character that needs to vae is sbongile ong borile thata,negative,True,2,11,Twitter
sesotho_090,Sesotho,ke for nna hape mo ke di laduma mealswanna check them out when i leave kamo west view,positive,True,3,18,Twitter
isixhosa_066,isiXhosa,sivvgobozi inyama leyo uyithandayo qha ke awuyingamandla etywaleni xa unyanga i bubbly,positive,True,1,12,Twitter
sesotho_161,Sesotho,nkasego ntshe ko lapeng when its already late,neutral,True,2,8,Twitter
isixhosa_247,isiXhosa,muvhangotshedza 😂😂 so uyalila ke ngoku,negative,True,1,5,Twitter
sepedi_145,Sepedi,when i speak about ngwana wa bomma wa mozulu ke andilempisane,neutral,True,2,11,Twitter
sesotho_202,Sesotho,principal thobakgale is recieving flower deliveries at work empa nna,negative,True,2,10,Twitter
isixhosa_208,isiXhosa,irvinxavi1 lutho 😭 we are enough with takeaways angeke 🥹,negative,True,2,8,Twitter
sesotho_240,Sesotho,moya mahlong a tau o ya a swere serumula,neutral,True,2,9,Twitter
sepedi_178,Sepedi,lol yah ke lona lebaka leo tanki hle ngwaneso,positive,True,1,9,Twitter
isixhosa_259,isiXhosa,gamabtweets ay nono it cant kills you kaloku,neutral,True,3,8,Twitter
isixhosa_151,isiXhosa,china mobile global graduate trainee programme 2023 in johannesburg jobseekerssa | jobalert | job | saps | kingsofjoburg | south africans | vusi | amasi | omega 3 |,neutral,True,1,18,Twitter
sesotho_284,Sesotho,my mood today is to seat at the back seat of a golf r with 6 ea basali,neutral,True,5,17,Twitter
isixhosa_295,isiXhosa,nomagugusamke nikitareturn mntase forgive her when you’re ready not xa ecele uxolo cz chances are she won’t abafuni acknowledga and apologise bona,positive,True,6,24,Twitter
sepedi_008,Sepedi,ke seleka korr a ka nyoba mabane marr bona,negative,True,1,9,Twitter
sesotho_274,Sesotho,nahana re lla ba botlhe coz our team lost boring,negative,True,1,10,Twitter
setswana_243,Setswana,i dont see chiefs beating sundowns lo e bona jang bo rra,negative,True,2,12,Twitter
sesotho_058,Sesotho,a utlwe monate wa chelete,positive,True,1,5,Twitter
sesotho_030,Sesotho,problem ke gore a re na chelete,neutral,True,2,7,Twitter
setswana_105,Setswana,ntate oo ha a je rice ele mapheello lefung ba eme le vrou ya matome ba tsholela batho,neutral,True,1,18,Twitter
setswana_230,Setswana,happy birthday to you ausi o botsana gore,neutral,True,2,8,Twitter
sepedi_259,Sepedi,i wore something similar to this last night ko monateng yhoo le mpone gape le mpolayeng,neutral,True,3,16,Twitter
setswana_291,Setswana,o tlo lala o mpolaile gompieno ke ne ke itumetse thata and put the phone away ke tla go e senkela,positive,True,2,21,Twitter
setswana_234,Setswana,ngifuna kuhleka nje my situation bese ngiyopoka kumjita,neutral,True,1,8,Twitter
isixhosa_288,isiXhosa,busiswa stemele eish kubanjalo but ingxaki ze2 zisibangela sinyamezele noba kunzima🥺😭 kuba abantu bakuzama ude uphuncukelwe sisimilo,negative,True,2,17,Twitter
isixhosa_005,isiXhosa,and impilo by kelvin momo ft kabza for good measure you know,neutral,True,3,12,Twitter
sesotho_226,Sesotho,le setse le gorogile or jangfo kae koore,neutral,True,1,8,Twitter
setswana_214,Setswana,bathong malome ga a itse go buiwa ka ene ka sekgoa in another group,positive,True,1,14,Twitter
setswana_132,Setswana,e bidiwa jalo ebile lefoko leo le botoka than are lerete,negative,True,1,11,Twitter
isixhosa_132,isiXhosa,amanga were exposed dmfmzansi datemyfamilysa,negative,True,1,5,Twitter
isixhosa_241,isiXhosa,snezo ntaka inyama encane so,neutral,True,1,5,Twitter
sesotho_141,Sesotho,when i started training i thought go trainer ke cardio hela ne ke dirisa treadmill ebo ke ya lapeng,negative,True,3,19,Twitter
sesotho_232,Sesotho,nahana ai nka seke shem anyway each to their own,neutral,True,1,10,Twitter
isixhosa_060,isiXhosa,zinzeka naijahottest makayo lala bethuna because what is she saying 😂😂😂 uyaziva,positive,True,4,11,Twitter
sepedi_229,Sepedi,ge wena ose sharp o baisa le nna my mom really feels my pain every single time,neutral,True,3,17,Twitter
isixhosa_141,isiXhosa,zimasamatiwane phofu our grandfather was an only child but yena wenza sure,negative,True,5,12,Twitter
sepedi_213,Sepedi,hi shaun hope you have something nice planned for the weekend,positive,True,3,11,Twitter
sepedi_080,Sepedi,nyaya tsala o mo fetotse sematla go lekanee be asala amo dira baby sitter,neutral,True,1,14,Twitter
sepedi_149,Sepedi,happy birthday le gola o gole hey,positive,True,1,7,Twitter
sesotho_292,Sesotho,kganthe a le re scarce skills what what mafaseng kae kae,neutral,True,3,11,Twitter
setswana_108,Setswana,eish tota go botlhoko stella garesa tsamaya monate le eseng reba beya dithapelong ka metlha,positive,True,1,15,Twitter
sesotho_290,Sesotho,after 2024 you will be jobless wena bushiris disciple you must save this tweet setlokotsebe sa ngoanana,positive,True,5,16,Twitter
sepedi_134,Sepedi,o maka a ke bone yours,negative,True,2,6,Twitter
setswana_182,Setswana,imagine o support chiefs le man u di tshameka same day gase gowa ke pelo hela once,positive,True,1,17,Twitter
sesotho_109,Sesotho,thuso are ba mo stuckolle,negative,True,1,5,Twitter
isixhosa_070,isiXhosa,tshezi bm lol early 80s gang kaloku 😭🤭🤭🤣🤣🤣,negative,True,1,7,Twitter
sesotho_208,Sesotho,next stop polokwane and kzn 2nd leg hauweng,negative,True,1,8,Twitter
setswana_277,Setswana,mme basadi ba ka rialo ke a dumela,negative,True,1,8,Twitter
sesotho_205,Sesotho,chelsea got walloped 1 today mme le didimetse ka kgang ya teng theres not enough hate and im not happy,negative,True,6,19,Twitter
setswana_119,Setswana,ke ohe wa parastatal ke bone maloba ntse go kgabola on the tl,negative,True,1,13,Twitter
sesotho_048,Sesotho,nazo itseng is plotting against james now catch tonight at 100,neutral,True,2,10,Twitter
sesotho_087,Sesotho,mara nahana o dutse mo letsatsing the whole day pelo e baba,negative,True,1,12,Twitter
sepedi_001,Sepedi,for to wake up with a banging hangover deep down ke bona le nna gore selemo sa kgaowa,neutral,True,1,18,Twitter
sesotho_061,Sesotho,do you have electricity thuso right now post your schedule and lets see,neutral,True,7,13,Twitter
isixhosa_234,isiXhosa,bhele gcogconombebe bhele uneshaqa le crocs r700 kaloku i crocs,neutral,True,1,10,Twitter
sesotho_176,Sesotho,when ed was taking peoples wives in kwekwe,neutral,True,2,8,Twitter
setswana_178,Setswana,i groomed you well kaha itlhelang o nkgala ka teng kere social media doesnt need to know all,positive,True,2,18,Twitter
setswana_154,Setswana,o utlwela motho botlhoko jang a dira se ase ratang ha a ka go raya are tswa mo botshelong jame otla reng,negative,True,3,22,Twitter
sepedi_173,Sepedi,motho a ska nrwaka ka taxing kere ke bapadisa ngwana kere nah ntatae o kae,neutral,True,1,15,Twitter
sesotho_151,Sesotho,mme lets separate the fiction from the real tlheng,neutral,True,2,9,Twitter
sepedi_126,Sepedi,ska la mo reetsa go letšatši bomma,neutral,True,1,9,Twitter
isixhosa_031,isiXhosa,if i was a pastor i would make the congregation sing ukholo lwami in the beginning and end of the service every sunday,positive,True,11,23,Twitter
sesotho_231,Sesotho,o saleng hantle happy stanton got it,positive,True,2,7,Twitter
sepedi_091,Sepedi,one thing about mpho she will make you cry,negative,True,3,9,Twitter
isixhosa_262,isiXhosa,the siya crew has been informed that thamsanqa gabuza will not be leaving supersport united while iqraam rayners has found himself a new home slsiyaread more,positive,True,11,26,Twitter
sepedi_182,Sepedi,lrt waitsi at this point retla se bafetsi batho ba bo ntate,positive,True,1,12,Twitter
isixhosa_127,isiXhosa,only ever had one crush in school it wasnt that deep just thought he was kinda cute ended up dating him we were so cute bethuna 😍,positive,True,11,26,Twitter
isixhosa_100,isiXhosa,carwootah and zirhola kakuhle eza chap,positive,True,1,6,Twitter
sepedi_252,Sepedi,ko pela the campus ne ke tlha mallong,positive,True,1,8,Twitter
sepedi_070,Sepedi,gore o nne mo koloing even if we are going the same direction go ntshiwa ma 40 pula le imetsa di koloi,negative,True,4,21,Twitter
sepedi_132,Sepedi,bone motho a re tuku or lesela ah,negative,True,2,8,Twitter
sesotho_001,Sesotho,lol you still asking senda fela,neutral,True,3,6,Twitter
isixhosa_233,isiXhosa,not too good im feeling lonely and emotional namhlanje ingaske ndibekwe esifubeni and sleep,neutral,True,5,14,Twitter
sesotho_027,Sesotho,that goalkeeper coach reminds me of thuso phala,neutral,True,2,8,Twitter
isixhosa_120,isiXhosa,lmkonqo qala le 6th anniversary ngeye 6months or 6years kaloku kumele kucace,neutral,True,1,12,Twitter
sesotho_200,Sesotho,ke gorogile mo lapeng ka past4 ke shwele kana mme kebatla go tsaa one last nap before going to work ka half7,neutral,True,1,22,Twitter
setswana_066,Setswana,lol lena mara la lwala ai,positive,True,1,6,Twitter
isixhosa_019,isiXhosa,lol umgwinyo is hilarious like why are the eyes popping “lutho othuswa yinton” “akhonto ma 👀”😂,negative,True,6,15,Twitter
sesotho_196,Sesotho,ke ngwana wabo rena are mo tlogeleng mara yena rebe rele gona,positive,True,1,12,Twitter
sesotho_039,Sesotho,the true discourse king is ntate thuso and i love him shem,positive,True,5,12,Twitter
isixhosa_064,isiXhosa,mna ill always ask why umzali wam prefers my little sister over mna while ndingahluphi mnawhats with abazali protecting abantwana oko bayaxabanisa kodwa😏,negative,True,3,23,Twitter
sepedi_165,Sepedi,id do anything for boroko right now literally anything,positive,True,2,9,Twitter
sepedi_029,Sepedi,you cant not love thato shame shes everything,negative,True,4,8,Twitter
sesotho_217,Sesotho,rent fela will be good r5000,positive,True,3,6,Twitter
sepedi_194,Sepedi,o nyaka a fie ke mollo even better,neutral,True,2,8,Twitter
isixhosa_204,isiXhosa,nelisa is crying yoh bethuna,neutral,True,1,5,Twitter
sepedi_170,Sepedi,eyy ulimele loya sisi i can imagine how deep and painful the kinda healing she needs,positive,True,6,16,Twitter
isixhosa_159,isiXhosa,akhonto ityafisayo like a gent that wears shady sneakers 😔 why unxibe itiger zuko,negative,True,4,13,Twitter
sepedi_174,Sepedi,loko u huma ka yena a sunga ku ku sala ndzaku,positive,True,1,11,Twitter
sesotho_219,Sesotho,haholo but kenna eo kae reka 3 for r25 food lovers,negative,True,1,10,Twitter
isixhosa_069,isiXhosa,this was black motions intro at kunye🔥🔥🔥,positive,True,2,7,Twitter
setswana_102,Setswana,i stayed in zim and sa ba nthutile dilo dile dintsi,positive,True,2,11,Twitter
sesotho_192,Sesotho,ba tsofetse le mangoele a ea hana empa hothoe ke bacha,negative,True,1,11,Twitter
sepedi_074,Sepedi,ke rile ere kego rekele yona on your birthday and you wanted books dula ledi books tseo,negative,True,3,17,Twitter
isixhosa_081,isiXhosa,ulibonile ixesha or uover seas,negative,True,1,5,Twitter
sesotho_288,Sesotho,can never be me this is definitely why iam single ke nahana o ko zame16 years,negative,True,7,16,Twitter
sepedi_235,Sepedi,ufebe u sis womfaz wakhe but she blames umfetjwa uthi yena he was drunk,negative,True,4,14,Twitter
sepedi_215,Sepedi,hha love voted kanti asichubeki lol aybo phela were fighting thina no alliance for us recruite on your watsup tell your family and friends please,neutral,True,11,25,Twitter
isixhosa_047,isiXhosa,kingdon za in my funeral nizodla amasi nedokwe kudula kabi ukudla,neutral,True,1,11,Twitter
sepedi_133,Sepedi,i fully relate ke gore its every night being a sleepless one smh,negative,True,4,13,Twitter
isixhosa_256,isiXhosa,miss nzie thina esi allergic to everything 🍄🥜 meat 🍖🥩 ngiba no twayi for days lo 🍍 kuvaleka amehlo kudumbe umlomo 🤷,negative,True,1,18,Twitter
setswana_133,Setswana,ke a ipotsa tota nna kana ke itsile gore phane e apewa ka mashi pele before ke bona ga mahura hela then ka di vegetables,negative,True,1,25,Twitter
isixhosa_041,isiXhosa,were honored indlalifa mfo ka jama words cant express the gratitude 🙌🏿🙌🏿🙌🏿❤❤,positive,True,3,11,Twitter
sepedi_186,Sepedi,tapeapetapsatlaprapsta papa perestpearstareleappalplasterstapleralteraltersplatealertpaletpatelpearlrateratesspelttearsearspartsaltim beyond a genius naledi mogadime,neutral,True,1,8,Twitter
sepedi_042,Sepedi,a nyaka gore ntoto ya gago,positive,True,1,6,Twitter
sepedi_109,Sepedi,i think swanetse ro bona optometrist,negative,True,1,6,Twitter
setswana_249,Setswana,he is thinking of how we can thuma him,neutral,True,5,9,Twitter
sesotho_269,Sesotho,haona monyetla ntate youre the first person to do so then we can follow,neutral,True,5,14,Twitter
setswana_051,Setswana,former mamelodi sundowns coach pitso mosimane was asked on why he doesn t take coaching job,negative,True,4,16,Twitter
isixhosa_101,isiXhosa,papaamama bona chrisexcel102 how is that working out for you okanye uyaqamza nje,neutral,True,4,13,Twitter
isixhosa_266,isiXhosa,hehake why do my feet hurt should i call that baby advocate now or tomorrow kengoku,negative,True,9,16,Twitter
sesotho_184,Sesotho,empa bophelo ke semphekho bashanya le satle be lehopole lehlohonolo,neutral,True,1,10,Twitter
sesotho_169,Sesotho,thats what we get as punishment remember batsadi ba re omanyetda lefifi what was our view then,negative,True,5,17,Twitter
sepedi_025,Sepedi,i am trying to take a weekend off hope i survive,negative,True,4,11,Twitter
setswana_061,Setswana,will cal you next week tuesday simolola fasting ntwana,neutral,True,2,9,Twitter
setswana_080,Setswana,sazodlala indiya nje mina goolam mina tshela those days are gone mnqundu,neutral,True,2,12,Twitter
setswana_153,Setswana,kgang yame ke yone yeo gore internet access kae re nna mo dikgaolong tsala,neutral,True,1,14,Twitter
isixhosa_094,isiXhosa,chiefs ke chelsea that went to public school kancane kancane iyavela🤣🚮,neutral,True,2,11,Twitter
sesotho_067,Sesotho,hake sure le haeba ke ea utloisisa ntatethe next step on ensuring that photographers get the credit they deserve,positive,True,3,19,Twitter
setswana_240,Setswana,ke utlwile o buwa ka lebitso laka gaming ya sundowns le ts galaxy barcelona vs madrid el clasico ya mzansi my prediction chiefs 21 sundowns,neutral,True,1,24,Twitter
isixhosa_153,isiXhosa,makazi uchomie coming through with a lecturemotivation love yaya bbtitans,neutral,True,2,10,Twitter
sesotho_084,Sesotho,ai yah rena bana ba januworry now i owe everyone who sent birthday wishes their birthday wishes for the rest of the year,negative,True,6,23,Twitter
sesotho_155,Sesotho,jwale rena ro tsuba eng ge a di tseya,neutral,True,1,9,Twitter
sepedi_265,Sepedi,the problem is dintwa ga di fele,positive,True,3,7,Twitter
setswana_161,Setswana,kamoso baby i was busy today,neutral,True,3,6,Twitter
isixhosa_080,isiXhosa,niwatholile ama first twerk of the guys or,neutral,True,2,8,Twitter
sesotho_145,Sesotho,might be in limps bro funeral ya ka lapeng,neutral,True,1,9,Twitter
sesotho_096,Sesotho,bro ha ke nahana that sentence ke qaboha ha kae,positive,True,1,10,Twitter
setswana_142,Setswana,hj eu ia faze uma piadinha leve do menino da minha sala e o carlos pilloto pra minha amiga mas ela nao conhecia o carlos pilloto,negative,True,1,26,Twitter
sepedi_177,Sepedi,that road belong to mankweng taxi association but seshego think theyre the ownersof that mall,negative,True,4,15,Twitter
sepedi_019,Sepedi,ke bolawa ke you contacted me,negative,True,2,6,Twitter
isixhosa_049,isiXhosa,😂😂😂 i’m even ready to move on from vat now kule plantation because i feel like akhonto that i don’t know pha 😭,negative,True,8,23,Twitter
setswana_215,Setswana,eish kana hlele go le botlhoko moo,neutral,True,1,7,Twitter
sesotho_296,Sesotho,a lot is going on right now go bata motho ela a ntse a le ko dikhoteng,negative,True,5,17,Twitter
sepedi_062,Sepedi,moya used to be my track,positive,True,2,6,Twitter
sepedi_273,Sepedi,eish wenaa ebile ka tlogela,negative,True,1,5,Twitter
isixhosa_226,isiXhosa,abo oscar mabuyane kanti yini umsebenzi wabo being power hungry only,neutral,True,2,11,Twitter
sepedi_279,Sepedi,damn antoine griezmanns touches reminds me of george lebese nice touches on the ball,positive,True,2,14,Twitter
setswana_242,Setswana,van heerden sale a tshameka mo absa premiership kele ko primary kana,neutral,True,1,12,Twitter
sesotho_069,Sesotho,hahaha my sista batho ba nale chelete,positive,True,1,7,Twitter
setswana_287,Setswana,modimo keha a intatola a ntira jang,negative,True,2,7,Twitter
isixhosa_115,isiXhosa,ngaske uvoetsek with this nonsense,neutral,True,1,5,Twitter
setswana_260,Setswana,go bosigo it s monday tomorrow i understand,positive,True,3,8,Twitter
setswana_121,Setswana,nthuse my love lelapa la fatalla,positive,True,2,6,Twitter
setswana_226,Setswana,umuntu abhale i post ebhimbayo bese bathi well said,neutral,True,1,9,Twitter
sesotho_248,Sesotho,ke ee ke bone a etseha ha u sebelisa olive oil,neutral,True,1,11,Twitter
setswana_280,Setswana,best set for me so far still haven t listened to ntate sello youngsta and khanyi,neutral,True,5,16,Twitter
setswana_300,Setswana,se a hokotsega o utlwa o tsenwa ke phefo,negative,True,1,9,Twitter
sesotho_157,Sesotho,nahana thats the uncle of my kids,neutral,True,2,7,Twitter
sesotho_094,Sesotho,kemo lapeng my guy o na le madi le plan ke thape,neutral,True,1,12,Twitter
setswana_076,Setswana,you use them ko ntlung eseng ko mmerekong,neutral,True,2,8,Twitter
isixhosa_012,isiXhosa,usuke unenkinga uma uyilenhlobo engakhuzekiakekho okwazi ukukukhuza and nawe ngokwakho awukwazi ukuzikhuza ay kusuke sekubheda kakhulu ngempelakuhle ukukhuzeka,positive,True,1,18,Twitter
isixhosa_065,isiXhosa,zamaswazimadon4 mtamerri he is consistent jonga 🤣,negative,True,2,6,Twitter
sesotho_076,Sesotho,tla be ke inesa ka li goodie tsa tse tswang,neutral,True,1,10,Twitter
sesotho_113,Sesotho,mariha a sa kene empa hee the less i say the better,positive,True,6,12,Twitter
sepedi_075,Sepedi,rema runaway what a masterpiece,negative,True,2,5,Twitter
isixhosa_222,isiXhosa,im not leaving my underwear at a boyfriends place just to claim a positionsoze,neutral,True,5,14,Twitter
setswana_263,Setswana,users using that section of the roadway we appeal that motorists should be patient for the duration of these repairs and road closures said fihla,neutral,True,9,25,Twitter
sesotho_201,Sesotho,eish o nkakantsha thata mme teraka ga e a ema,positive,True,2,10,Twitter
isixhosa_042,isiXhosa,shantel tee haybo this woza ngikvulele indlela was universal kanti😃,positive,True,2,10,Twitter
setswana_017,Setswana,talk your talk ntate sello,neutral,True,1,5,Twitter
sepedi_115,Sepedi,they will not sustain that hara tlala ee kapa ke liphallello li test kids tseo,neutral,True,4,15,Twitter
sesotho_118,Sesotho,nna ne ke nahana hore o tswile mo daar man prep for the race,neutral,True,1,14,Twitter
setswana_002,Setswana,really tough i know but hang in there gotlo kopana,neutral,True,4,10,Twitter
setswana_005,Setswana,i believe in nature ntate waaka,neutral,True,1,6,Twitter
sepedi_090,Sepedi,always the caseimagine kara di millions wa jo kgetha 1,positive,True,2,9,Twitter
isixhosa_249,isiXhosa,sigujana za akwenziwa ke lokhu usumehlulile umendo already iqebeqebe,neutral,True,1,9,Twitter
sesotho_199,Sesotho,you dont know ball batsho,positive,True,2,5,Twitter
setswana_276,Setswana,o mpoledisa thata my sister,negative,True,1,5,Twitter
isixhosa_027,isiXhosa,sinomlambo light and strength my dear sister may her beautiful soul rest in peacejoooh bethunana taxi drivers,neutral,True,2,17,Twitter
isixhosa_099,isiXhosa,sebabatso barbs artielm who i dont understand,neutral,True,3,7,Twitter
sepedi_012,Sepedi,we tried bby girl we love you south africa loves you,positive,True,5,11,Twitter
sesotho_097,Sesotho,so ko btc gore o kgone go thusiwa ba bata o ba latetse ko diofficing o ile go palama ditafole o buela ko godimo,negative,True,1,24,Twitter
setswana_155,Setswana,still birthday weekend le mpitseng kamoso,neutral,True,1,6,Twitter
sesotho_256,Sesotho,empa u tseba sekhooa tjena ke western what what so clearly that cant be all bad,negative,True,7,16,Twitter
sepedi_043,Sepedi,shemenwa meetsesorry aker nanaputsu putsu sorry neh nanamchwaa,neutral,True,1,8,Twitter
sepedi_168,Sepedi,how do i register for cellphone banking tshelete gaa report kana,neutral,True,4,11,Twitter
sesotho_117,Sesotho,batho ba batsho le itebala fast once motho a thola 2bop o hata senang nix molala,negative,True,2,16,Twitter
sesotho_277,Sesotho,batlampe ba rapellwe hore chelete tsa batswadi ba bona di be le molemo lemong setlang,negative,True,1,15,Twitter
sepedi_268,Sepedi,melita is scared of meiki,negative,True,1,5,Twitter
setswana_208,Setswana,being skinny in primary school was the pits yoh bese bathi une aids,negative,True,4,13,Twitter
sesotho_127,Sesotho,hr o itseng hao le bua in the mirror,positive,True,1,9,Twitter
setswana_091,Setswana,people are following others just to talk kak at every corner september e fitlhile ditlhare di ya tlhoga,negative,True,2,18,Twitter
sesotho_245,Sesotho,after a long lay off i tried,neutral,True,2,7,Twitter
isixhosa_223,isiXhosa,bethuna its like these happened weeks ago 🤣🤣🤣,neutral,True,2,7,Twitter
setswana_075,Setswana,nothing more nothing less kana ne ke rata go rialo o tlaa tshega gore,negative,True,2,14,Twitter
setswana_090,Setswana,kante laa theogela gase gore rotlhe hela as a country re tswetse re tla bula ka di 30 august,positive,True,1,18,Twitter
isixhosa_155,isiXhosa,i think a lot of men need to listen to this penuel the black pen | in conversation phesheya duma varsity uber busi via youtube,neutral,True,4,24,Twitter
isixhosa_277,isiXhosa,nolutandoa realblackcoffee lol haa khange andiphendule umkhuluwa funeka aqale asadvize nge blukwe ezinananzelayo uba ithini into yazo,negative,True,1,17,Twitter
isixhosa_133,isiXhosa,floss reigh nam ndifuna eyam iapology🤣🤣🤣 basebenza iover time namhlanje and i like it,negative,True,4,14,Twitter
isixhosa_135,isiXhosa,madam pb what if andinayo isize,neutral,True,2,6,Twitter
sepedi_258,Sepedi,u are pleading for mercy for our boys morena,positive,True,2,9,Twitter
sesotho_036,Sesotho,bathong this gent o nahana gore ka gafa neh,negative,True,1,9,Twitter
sepedi_016,Sepedi,o winne lotto for you to kopana with me,neutral,True,2,9,Twitter
isixhosa_002,isiXhosa,soze i need the heat,neutral,True,2,5,Twitter
sesotho_025,Sesotho,just dawned on me that i will no longer see lumkos tweets on my timelineempa hee it was gods will,negative,True,10,20,Twitter
setswana_008,Setswana,and engwe etlo irang gore meno a rona a bole kego tshega ledi ex tsa rona,negative,True,3,16,Twitter
isixhosa_154,isiXhosa,mzamatolo spoil or yiqhele kakubi 😂😂😂,negative,True,1,5,Twitter
setswana_191,Setswana,ee o dira sentle love a go robalwe early,positive,True,2,9,Twitter
sepedi_223,Sepedi,haibo thatos ball fell just like that,neutral,True,3,7,Twitter
sepedi_180,Sepedi,emela tomorrow le tshele eo ya gao,negative,True,1,7,Twitter
sepedi_100,Sepedi,ke na le dikoloto lelo please eseng wena ebile,positive,True,1,9,Twitter
sesotho_222,Sesotho,tlhemma nick le vanessa ba re tletse ka dilo di sele this season,neutral,True,1,13,Twitter
sepedi_023,Sepedi,ke botsa mamazala gore ke tswile for lunch efetsa yena a re eno mpotsa pila gore ao bowe ngwanaka,neutral,True,1,19,Twitter
sesotho_057,Sesotho,ke bolawa ke your accountability partner in the background,positive,True,2,9,Twitter
setswana_134,Setswana,ntate sello a reng ka generation,negative,True,1,6,Twitter
isixhosa_194,isiXhosa,anny944 ndicinga ujoin sisi qha ndisa cinga how i’m going to fit that in my schedule,neutral,True,4,17,Twitter
isixhosa_212,isiXhosa,kaysexwale kaloku yeyakhe nje how dare you want to mute the chief tweet,neutral,True,3,13,Twitter
setswana_012,Setswana,nayo sengiphaphe ka so earlier on bese its going to do me like this,positive,True,5,14,Twitter
isixhosa_110,isiXhosa,my fave is a whole mood my addict bethuna 😍😍 bbtitans,positive,True,4,10,Twitter
sesotho_041,Sesotho,wa qala jwaleu no ntso tla hantle,positive,True,1,7,Twitter
sesotho_132,Sesotho,ke nahana boholo ke batho ba holetseng moo hosa laetuoeng so neba bona hole normal,negative,True,1,15,Twitter
isixhosa_062,isiXhosa,pallnandi inkinga laba bavele basimithise😂🤣😂🤣this will end in nan and pampers😂,positive,True,3,12,Twitter
sepedi_218,Sepedi,well get to mogodu and masonja in a bitmorogo is what,neutral,True,4,11,Twitter
sepedi_204,Sepedi,tjo lona our helper o tswa lesotho she been in my case about how am i this old ke sa tsebe ho ritela the shade,neutral,True,9,25,Twitter
isixhosa_006,isiXhosa,lolli native for real check my pinned post soze uzisolemama mixtape loading,neutral,True,1,12,Twitter
isixhosa_023,isiXhosa,ntuliondla not mfjones he is our top scorer nangoku its not much,neutral,True,6,12,Twitter
sepedi_094,Sepedi,motho a ingadise a ntse a itse gore wa go kolota mxm motswana,neutral,True,3,13,Twitter
isixhosa_011,isiXhosa,teackay nakulenyanga thamsanqa im starting to think its a hobby,neutral,True,1,10,Twitter
sepedi_069,Sepedi,lona nthoe weathera ele etsang yona cannot be didnt,positive,True,2,9,Twitter
setswana_295,Setswana,ke a le bona combo ya morolong mokalaka motswapong go nna hela jaana,positive,True,1,13,Twitter
sepedi_285,Sepedi,thato fans lets gather right here to appreciate her thato appreciation,negative,True,1,11,Twitter
setswana_097,Setswana,o tshwanetse a kwenye a hot egg gore a fihle ko1st pati gape it s hard for them to mingle while hiding,negative,True,6,23,Twitter
sepedi_086,Sepedi,o tsamaye o ye gona kouwe sesi a gago,negative,True,1,9,Twitter
sesotho_135,Sesotho,da in moqhaka kroonstad open case of financial mismanagement against the acting mayor,neutral,True,1,13,Twitter
setswana_197,Setswana,ee go tlhokomela mmele zwii group work we need to pass,neutral,True,2,11,Twitter
sepedi_154,Sepedi,we are doing it for tsheleteba today akere,negative,True,4,8,Twitter
sepedi_076,Sepedi,so they informed biggie thats why he played music signaling they to calm down yoh biggie lala,neutral,True,5,17,Twitter
isixhosa_143,isiXhosa,helenzille jeandre lennox jsteenhuisen uyaxoka madamtell us the truth,negative,True,2,9,Twitter
sesotho_281,Sesotho,a palamise moruti ba nka chelete ea koleke,neutral,True,1,8,Twitter
sesotho_147,Sesotho,yho nahana kere ka zama ebe ke catcha ma twins a i2 nka lla,negative,True,2,14,Twitter
setswana_104,Setswana,boitumelo it s literally still 8am,negative,True,3,6,Twitter
sepedi_189,Sepedi,hai pule ema pele tuulets just drink,positive,True,1,7,Twitter
sepedi_272,Sepedi,offcourse they will break into a sefela yhoo cant wait to see my,positive,True,6,13,Twitter
sepedi_237,Sepedi,ga re tsebe maybe wa claima,positive,True,1,6,Twitter
sesotho_188,Sesotho,ahhahaahah wa ukoa if ke tloha maseru kea lotshebeletsong moo ha ke fihla hothoe motlakase ha me nahana ho khutlela hape ke la tlamea ho koleka,negative,True,2,26,Twitter
isixhosa_260,isiXhosa,my partner promised to give me the whole world nizohlalaphi kengoku nina guys,positive,True,3,13,Twitter
sesotho_260,Sesotho,o bosso tlheraapatiently waiting for the day itseng,positive,True,2,8,Twitter
sepedi_118,Sepedi,lol nna ke no homola ka gore ge nka bolela,neutral,True,2,10,Twitter
setswana_038,Setswana,go neng a re hemisa botlhoko admin gave him a whiplash,positive,True,2,11,Twitter
isixhosa_228,isiXhosa,i network nayo once wa shift nje kancane ku spot it’s game over 😂😂😂,positive,True,3,14,Twitter
setswana_151,Setswana,where s the dog ntate,neutral,True,2,5,Twitter
sesotho_213,Sesotho,well it might not be a zero empa tlhafu tse tenya tsona,positive,True,4,12,Twitter
setswana_034,Setswana,i sometimes get excited then i read the whole email bese ngithi welele,positive,True,3,13,Twitter
setswana_186,Setswana,morning cuz retla nwa kamoso,neutral,True,1,5,Twitter
isixhosa_107,isiXhosa,nginguhlengi akalenzi iphutha obanana always,negative,True,1,5,Twitter
setswana_253,Setswana,mmino o hlabollang maikutlo a ferekaneng rea leboha skeem,negative,True,1,9,Twitter
sepedi_127,Sepedi,its better she watches on tv because o rata ho tobetha next thing she is sending people messages,positive,True,5,18,Twitter
sepedi_117,Sepedi,so she owned a fire arm skaba nyata bo magogo ba jerrnagana fela a go betha ka bullet marago aa eehh,negative,True,4,21,Twitter
sesotho_174,Sesotho,nikis wesho mamenemene akhe a kganya kudu,positive,True,1,7,Twitter
setswana_141,Setswana,hem re utlwile ke my draco,negative,True,1,6,Twitter
isixhosa_093,isiXhosa,oaks were fiending for disappearing nudes in the dms ngela xesha what a dark time 😂,positive,True,4,15,Twitter
sepedi_058,Sepedi,talk about deleting the effort in one bite ke tswa pelo gore,positive,True,1,12,Twitter
setswana_004,Setswana,eyes on the ball i hope o nna ole nosi coz oka dira jang ga batho ba gadikile zwi namnam,positive,True,2,20,Twitter
setswana_187,Setswana,lol ba lomile o tshwanang le kanye west gagolo,neutral,True,1,9,Twitter
isixhosa_071,isiXhosa,guise please plug me nge toner engekho harsh engaduri pls,negative,True,2,10,Twitter
setswana_057,Setswana,no im not calling yall anything i hope u arent offended my king ke araba mofolo wa nthumula,positive,True,4,18,Twitter
isixhosa_003,isiXhosa,bhele what bout nhliziyo 🤔🤨 hay maan jonga 👇🏾,negative,True,1,7,Twitter
isixhosa_022,isiXhosa,i’m currently on a staycation with my friends and all i can say is that busihlulile utshwala 🤝,negative,True,9,18,Twitter
sepedi_106,Sepedi,kenna fela or yhoo modimo forgive me,neutral,True,2,7,Twitter
setswana_036,Setswana,or when they braiding them at the end and you start falling asleep but you occasionally wake up aggressively because bao goga botlhoko,negative,True,10,23,Twitter
sesotho_070,Sesotho,nna rea e amogele wene obolela gore fang basadi chelete not dinyatsi le dicheri,negative,True,1,14,Twitter
sepedi_269,Sepedi,i miss thato bathong am now bored phela she was like my housemate,neutral,True,7,13,Twitter
setswana_056,Setswana,pretoria - kgosi muru street heavy traffic leaving the central area towards 14,neutral,True,1,11,Twitter
sepedi_047,Sepedi,monna waka as i follow you for a follow back,neutral,True,3,10,Twitter
sesotho_050,Sesotho,lewatle o mpontshitse today shem,neutral,True,1,5,Twitter
setswana_174,Setswana,bese you ll say i m toxic,positive,True,2,7,Twitter
sepedi_196,Sepedi,akere o ne o sa batle you were organising for di chomi tsa gago,positive,True,2,14,Twitter
sepedi_103,Sepedi,but ntate modimo le ena tlamega a bone plan la nka zama kabo 2 million nje,positive,True,2,15,Twitter
sepedi_005,Sepedi,our 7s quarter guy o tsisa tshelete a rent a okeditse are dilo dia ture waitse keha kele emotional lehatshe le le na le basiame kana,neutral,True,4,26,Twitter
setswana_020,Setswana,it s the last part this is why bese niyakwata when someone doesn t plan anything big akuthi lunch,negative,True,6,19,Twitter
isixhosa_091,isiXhosa,yoh i can’t wait for the weekend ndifuna ulala 😭,negative,True,4,10,Twitter
sepedi_053,Sepedi,and nowadays ha ho sana bo pompo tsane tsa metseng most people are now using wasco taps,neutral,True,4,17,Twitter
sepedi_264,Sepedi,yes ne gole monate tota,positive,True,1,5,Twitter
isixhosa_193,isiXhosa,mendy ukhe watsiba esenegal or even france phofu,neutral,True,1,8,Twitter
sesotho_144,Sesotho,fela jwalosomethings are not worth our energy,negative,True,3,7,Twitter
isixhosa_072,isiXhosa,omphemetsemosh5 maxaba zar qhawe l danki ngiyabonga yho umuntu wafuna ukusifaka angithi yibo masithi sithanda natural look bathi were stingy,negative,True,1,20,Twitter
setswana_183,Setswana,bese nilwisa izingane zabantu uma zichoma ngokuba ama stay-at-home girlfriends,neutral,True,1,12,Twitter
setswana_247,Setswana,same day ha a fihla spatala all along ha ne a ya ho doctor ne ba re she is bloated nou ngwana o 23 skat,negative,True,4,24,Twitter
setswana_092,Setswana,guys please help me maybe ake sho gore ke wela kae brother i m deactivating my account ke utlwile ka twitter,negative,True,6,21,Twitter
sesotho_005,Sesotho,the way banang le drama kateng bana ba paramente ya10 ke nahana le next week batlabe baso litheohe,neutral,True,1,18,Twitter
sesotho_042,Sesotho,well today ke letsatsi lahao lao qetela hore obe single sekele teng jwale,positive,True,1,13,Twitter
setswana_267,Setswana,ntate thuso is legendary shem uthi utheni,neutral,True,1,7,Twitter
sesotho_014,Sesotho,hantle ho etsahalangi just tuned in,positive,True,1,6,Twitter
sepedi_150,Sepedi,yoh wa bora that guy omo lahle,positive,True,1,7,Twitter
sepedi_125,Sepedi,yewena o marete o re mosadi waka wetsa jwang ke tlao shapa ka klaapa san will smith 2022,negative,True,1,17,Twitter
isixhosa_163,isiXhosa,khalathinene2 sometimes amanga awasdingi isbongo ngisekhaya was enough 💁‍♂️😂,positive,True,1,8,Twitter
sesotho_275,Sesotho,daaaamn what a player used to watch football of siwelele sa masokolara,neutral,True,2,12,Twitter
setswana_098,Setswana,thuma mina he said useless lachap yempumlo,negative,True,1,7,Twitter
setswana_065,Setswana,wa lwala nna i m not leaving my house today,negative,True,4,10,Twitter
sepedi_051,Sepedi,everyone that lives in pretoria must go to bed at 1am please,negative,True,3,12,Twitter
setswana_127,Setswana,nna tota ha o bona ke rata go ipuela ka bolo jaana le a bo le tikana ka noga e utlwa mo tl,positive,True,1,23,Twitter
setswana_200,Setswana,a rudiger o tshogile nah,neutral,True,1,5,Twitter
sesotho_054,Sesotho,i wanted to join and listen i was just late empa i wanted to listen to the negatives,positive,True,7,18,Twitter
isixhosa_253,isiXhosa,if its directed to me then its definitely personal nibaqela kakubi abantu nina,negative,True,2,13,Twitter
sepedi_143,Sepedi,hee banna you in the east thank you,negative,True,4,8,Twitter
sesotho_171,Sesotho,iive been missing you o re etsang mara kingka mantaga nogal loving the concert tjerrr di a boa,positive,True,4,18,Twitter
setswana_054,Setswana,ka nnete i look forward to all our lives being better i have hope dilo ditlo siama,positive,True,6,17,Twitter
sesotho_100,Sesotho,go bata re berekela mo nakong re mo suthe a isi a thanye,positive,True,2,13,Twitter
isixhosa_254,isiXhosa,a zintonga lutho angishongo njalo😂 ngiyakukholwa😊,positive,True,1,6,Twitter
isixhosa_038,isiXhosa,ayathandwamatt back in your twitter for web era yho uxolo friend 😭😭😭😭,positive,True,2,11,Twitter
sesotho_021,Sesotho,kganya is my role model,positive,True,2,5,Twitter
sepedi_020,Sepedi,thats what family should be about modimo a le etse hantle hle love it,negative,True,7,14,Twitter
setswana_085,Setswana,ohh sook o raaa gore ha phefo tsa august did ka tseisetsa mongwe sedidi teng o tla bo a siame hela,positive,True,2,21,Twitter
sepedi_036,Sepedi,aowa dini mpya ya go di kgotlha so,negative,True,1,8,Twitter
setswana_225,Setswana,ke bone rainbow picnic e nngwe go na le black a bo ke ipotsa if i still know the rainbow colors thanks bubbles,positive,True,6,23,Twitter
sesotho_206,Sesotho,mosotho today mosotho tomorrow mosotho for life,neutral,True,2,7,Twitter
setswana_228,Setswana,aeh are tsweng mo sekgoweng once kana jang,positive,True,1,8,Twitter
isixhosa_171,isiXhosa,joyblackza our beautiful big sister❤️owethu sonke usis fikz bethuna 😘,positive,True,1,10,Twitter
sesotho_108,Sesotho,kante wena o buela mo goreng aye go bata konte kwa tota legale thats a valid reason,positive,True,1,17,Twitter
setswana_218,Setswana,ke size ya go ja nap hela when i get home ke thubilwe gore,neutral,True,3,14,Twitter
sesotho_238,Sesotho,abuti are you in any way a part of betway squad re tlhoka thuso abuti weits,positive,True,3,16,Twitter
setswana_159,Setswana,bathong vale i setlhogo bjaang wa ntumisa dikuku tuu,negative,True,1,9,Twitter
isixhosa_169,isiXhosa,madmontana no i for one dont believe in instant success keep it very far away it rarely works,negative,True,6,18,Twitter
setswana_293,Setswana,we might call you motho o mogolo o phaphang nje,negative,True,2,10,Twitter
sepedi_039,Sepedi,ka dlala maybe ill give you a chance mara ro fella moyeng shame,positive,True,3,13,Twitter
sepedi_176,Sepedi,tsogang bathong ke nako yago pretender nkare everything its ok,neutral,True,1,10,Twitter
sepedi_246,Sepedi,happy birthday ntwana yami makunyiwee once ha re beseng nama banna ha re nyofeng meat on you braai stand on me,negative,True,3,21,Twitter
setswana_211,Setswana,the latter akere a lil cheating never killed anyone kana jang,negative,True,3,11,Twitter
isixhosa_185,isiXhosa,i’m sure ingase ayiqubule imoto athi ukuyihlehlisa kancane ecaleni 🤣🤣😂😭😭😭,negative,True,1,10,Twitter
isixhosa_178,isiXhosa,girlies jump into the uber…mlungisi oh and ndicela ukudlala u beyoncé bhuti,positive,True,2,13,Twitter
setswana_185,Setswana,in my defence banyana ba teng ga ba kotsi,negative,True,1,9,Twitter
isixhosa_285,isiXhosa,lizol12 you must see it now akhonto ingamoshakalanga 🤮,negative,True,3,8,Twitter
sesotho_190,Sesotho,spending my day with my naughty girlsotlo utlwe o mong ha mpotela are relay really,positive,True,4,15,Twitter
sepedi_155,Sepedi,i was tempted to say ba opela dihela ba letile moruti but that would have been the end of me,neutral,True,9,20,Twitter
setswana_039,Setswana,o pila thata whereby i cant even recognized you,positive,True,3,9,Twitter
setswana_063,Setswana,these things hao bona dilo tsa basadi di sanke ke tsamaya sentle yaana,positive,True,1,13,Twitter
setswana_254,Setswana,santse ke ipotsa what kind it is,positive,True,3,7,Twitter
sepedi_288,Sepedi,girls go through sht imagine being loyal to a married man bathong,negative,True,2,12,Twitter
setswana_026,Setswana,th o gakologelwa nako e ne thuso a roga bolo ya sontaga,positive,True,1,12,Twitter
isixhosa_300,isiXhosa,i learnt that financial lessons are for people with money otherwise kum ingxaki eqale yafika ndizojongana nayo 🤷🏿‍♂️,negative,True,4,17,Twitter
setswana_086,Setswana,ao phaahle araba bare yes no,negative,True,2,6,Twitter
setswana_273,Setswana,ke busy thata this week,negative,True,1,5,Twitter
sesotho_270,Sesotho,if you are a foreign national from any country in any country you are doing what god had asked you to do tlala le lefatshe,neutral,True,11,25,Twitter
isixhosa_244,isiXhosa,just join the march mhlekazi,positive,True,2,5,Twitter
setswana_135,Setswana,333 ke eng jaanong thank you sudat,neutral,True,2,6,Twitter
setswana_193,Setswana,minister thulas nxesi and deputy minister boitumelo moloi conduct farm inspections as part of the pre-presidential programme in sedibeng vanderbijlpark gauteng,neutral,True,2,22,Twitter
sepedi_018,Sepedi,hake so bone gore lerekisitse empa o rekisa mehla ena,neutral,True,1,10,Twitter
sepedi_128,Sepedi,i dont know who that man ishes so grown mpho about her son,negative,True,5,13,Twitter
sesotho_023,Sesotho,ng ng ko tirong ke na le tsala ya mdala he is 46 jaanong ke bata ya mosadi,neutral,True,2,17,Twitter
sepedi_256,Sepedi,bago hurteh o be o bone ke my friend okwe a re always pelo bohloko wena shem,negative,True,5,17,Twitter
isixhosa_044,isiXhosa,siyamtandagwija ewe uyabuzwa okanye you just mention a name njeee,positive,True,3,10,Twitter
isixhosa_280,isiXhosa,they kiss outside now bethuna,neutral,True,2,5,Twitter
sepedi_191,Sepedi,i wonder ke mang o mo chosetxang,positive,True,1,7,Twitter
sepedi_116,Sepedi,mme kana bagolo saw it coming thats why ba rata go relocatela masimo,negative,True,2,13,Twitter
isixhosa_274,isiXhosa,portiamabunda ai i hope ta msi kaloku they killed u tamnci my fav 💔,negative,True,3,13,Twitter
setswana_289,Setswana,just home sleeping mme dj wa ko penywise o letsa some good classic music ke tla lala ke tsogile,negative,True,3,19,Twitter
setswana_007,Setswana,bosigo bo bo teller hlm ankr lona la have r so nna re chat haosqy o teng hlm dm ur no re organise,negative,True,3,23,Twitter
sepedi_181,Sepedi,i am also broke xem akitse if motho akare tlare jole ko bereka byang,neutral,True,3,14,Twitter
sesotho_002,Sesotho,monique bingham owes us 5 albums coz since kemo qetela ka you put your fingers in mypap pap pap pap,neutral,True,3,19,Twitter
sesotho_197,Sesotho,in case you missed it last nights episode of thesidebar with baagi is on our instagram page right now click on the link below for more,neutral,True,7,26,Twitter
sesotho_049,Sesotho,primary school kids ba ya skolong ka diphone ka tshosologo autlwa i dnt know why kgang e ea ama gore,negative,True,3,20,Twitter
isixhosa_136,isiXhosa,i just knew soze behlefuck,neutral,True,2,5,Twitter
isixhosa_083,isiXhosa,happy birthday to my brother bear costa mbu mbu32 🥳🎉🎈 more life mntasekhaya ❤️,positive,True,3,12,Twitter
setswana_145,Setswana,guys please give up on these people go do this ko bankeng rather,neutral,True,4,13,Twitter
isixhosa_252,isiXhosa,rawcrudo when we have imisebenzi we usually slaughterbe it a cow goat or sheep the meat from that animal that was slaughtered yiyo inyama yomsebenzi,positive,True,11,25,Twitter
sesotho_218,Sesotho,ntate thuso motaung has grown people singing for a debonairs triple decker voucher on radio at117 on a friday in january arrest this man,neutral,True,4,24,Twitter
sesotho_073,Sesotho,lona banna etsang le etse verify my pm sicheeee,neutral,True,1,9,Twitter
sepedi_046,Sepedi,yes yena o fihlile diseleng,positive,True,1,5,Twitter
sesotho_177,Sesotho,ee thats why kere go tshwana hela nna ke ipotsa ba akanya bagolo bata ba direlang motho asa bolo go heta retirement age,negative,True,1,23,Twitter
sepedi_158,Sepedi,have you seen the price for bone marrow that on its own is a startertone down the attack a bit,positive,True,8,20,Twitter
isixhosa_147,isiXhosa,mphahlele now is solid unlike when he played for us his knees were not that strong i suspect something is not right over there noba yintoni,negative,True,13,26,Twitter
sepedi_172,Sepedi,sorry wa papa ska nshapa asomblif,neutral,True,1,6,Twitter
sepedi_017,Sepedi,bona ngiyavumawhat a beautiful song,neutral,True,1,5,Twitter
sesotho_212,Sesotho,the only master class ill be signing up for is a master class from lori harvey,neutral,True,5,16,Twitter
sepedi_049,Sepedi,kore even when you go to groove ka pelo e bohloko your dance moves will show hle,negative,True,4,17,Twitter
sepedi_192,Sepedi,bathong ngwana o goroga ka setu a tswa puerto rico,negative,True,1,10,Twitter
sesotho_247,Sesotho,nna le nna ga ke bate go ya lapeng jaaka lona le tshaba a lona,negative,True,1,15,Twitter
sesotho_216,Sesotho,wow wasekaba motle simphiwecan i please oneday see you live,positive,True,4,10,Twitter
isixhosa_078,isiXhosa,vandal707 khawuphumle in the meantime kaloku,positive,True,1,6,Twitter
isixhosa_039,isiXhosa,lizwi g uxolo you being active ku twitter tells me uright apho ukho and im glad get some rest ♥️,positive,True,4,19,Twitter
setswana_229,Setswana,uaminifu ndio kila kitu loyalty is everything,neutral,True,1,7,Twitter
isixhosa_084,isiXhosa,this is how idyans get tempted zivele ziyilahle impahla 🤣you can have me any way you wantheyi satan 😩,negative,True,8,18,Twitter
sesotho_181,Sesotho,but this where all this blom issue is coming from laduma news,neutral,True,6,12,Twitter
isixhosa_229,isiXhosa,jagman4sho kingcoshi lesufi julius s malema effsouthafrica myanc kumele ngikhahlele umntwana webhunu nginayo i r12k,neutral,True,1,17,Twitter
sepedi_284,Sepedi,whats that black thing on his lips and under his nose,neutral,True,2,11,Twitter
isixhosa_130,isiXhosa,my crush is so great bethuna look for material,neutral,True,3,9,Twitter
setswana_198,Setswana,yes but obviously has more fillings avo ya teng ke guac,neutral,True,4,11,Twitter
isixhosa_040,isiXhosa,radio2000 za glenlewissa nathi ndamase lelomzaca theglenzitosuperdrive i feel sorry for that guy cause udlulwa iskhathi esibalulekile kakhulu empilweni youthendala 985mhz montclair durban,positive,True,4,23,Twitter
sepedi_226,Sepedi,so now we have to twang kamoka garena lephela bohloko mos mo thwitha,neutral,True,4,13,Twitter
sepedi_027,Sepedi,thats my girl for u mogadime,neutral,True,1,6,Twitter
sepedi_283,Sepedi,youre such a cool oke ong chazela gore o rata ditaba,negative,True,1,11,Twitter
isixhosa_250,isiXhosa,she must unlock her account simngene kakuhle 😎,positive,True,2,7,Twitter
sesotho_138,Sesotho,magadi aise a goroge ko lapeng,negative,True,1,6,Twitter
isixhosa_268,isiXhosa,soso spayi lol kanti yintoni ke gqeberha,negative,True,1,7,Twitter
sesotho_065,Sesotho,en ba di transport ba letse hooter ga oneba tsosa le rena ba re feditseng skolo,negative,True,1,16,Twitter
sepedi_230,Sepedi,lmao used her as a meme man onale swele ha,neutral,True,1,10,Twitter
sepedi_038,Sepedi,its over palesayou broking me up utlwa fela aii fotsek,positive,True,1,10,Twitter
setswana_070,Setswana,ah ha o gateletse ngwana bokuku kore you look beautiful and ao kgosi ya mosadi,negative,True,2,15,Twitter
setswana_150,Setswana,she must polish izicathulo zengane lona bese eyitshela iyeke ukudlala ibhola ngezicathulo zeskole,positive,True,1,13,Twitter
isixhosa_281,isiXhosa,misuzuluking his majesty theisilungu ngamasiba to be honestokanye sisjoji,neutral,True,1,9,Twitter
sesotho_075,Sesotho,kanti batho ba etsang e kana all i do manage my anxiety and study,negative,True,4,14,Twitter
sesotho_170,Sesotho,no pls re bata borotho,positive,True,1,5,Twitter
setswana_283,Setswana,immediately after the accident cause if it s right after you have to bopha that seatbelt to bay zisa the insurance company or witnesses,negative,True,8,24,Twitter
isixhosa_282,isiXhosa,so saada soze aphinde akhokhe lemali 😬,positive,True,1,6,Twitter
setswana_088,Setswana,he crossed my mind maloba ka re sale a tsamaya,positive,True,3,10,Twitter
sepedi_033,Sepedi,im craving a burger and i dont even like burgers yoh baloyi,positive,True,5,12,Twitter
isixhosa_111,isiXhosa,mthigo inkinga people are failing to see the problem with that ad,negative,True,4,12,Twitter
isixhosa_276,isiXhosa,akonpsj kaloku ngamabhongo omzali and when ku thethwa people say abantu banomona,negative,True,2,12,Twitter
sepedi_195,Sepedi,me passing ga chuene going back to polokwane,neutral,True,1,8,Twitter
isixhosa_206,isiXhosa,gamalamliyabiza theee advisor costanazi lekoloanemanam2 tumikeboss bchinyakata am nanakofi1 mona tef lutho bafo 🤣🤣🤣,neutral,True,1,13,Twitter
isixhosa_214,isiXhosa,inkinga raf money has potholes 🤞🏾😅,positive,True,2,5,Twitter
isixhosa_164,isiXhosa,xhantipayi your advice please mhlekazi a matriculant is interested in studying econometrics which universityies would you recommend,positive,True,7,17,Twitter
sesotho_204,Sesotho,good night ulale kahle busuku benzolo robala hantle goeie naghave a tremendous friday evening and sleep well,neutral,True,4,17,Twitter
isixhosa_016,isiXhosa,once you block me im blocking you back and soze ndiku unblock’e,neutral,True,4,13,Twitter
isixhosa_077,isiXhosa,mnqobiyazosa ngihleka ungakasho lutho 😅 i really enjoy your character ♥️big up,positive,True,3,11,Twitter
isixhosa_283,isiXhosa,advobarryroux jonga they dont love us,negative,True,4,6,Twitter
isixhosa_188,isiXhosa,chrisexcel102 uyaxoka kwedin january transfer window we will do the things,negative,True,4,11,Twitter
setswana_201,Setswana,hahahaha re bolaile re referee today,positive,True,1,6,Twitter
sesotho_280,Sesotho,ba busy ba sasanka le lefatshe they must stay at their own village,neutral,True,2,13,Twitter
sepedi_161,Sepedi,yoh ngwana batho eleng o complaina kgopela le buleleng dricks tlheng a ye stadium,neutral,True,1,14,Twitter
setswana_081,Setswana,kgosi said wine is going to be my downfall and he isn t lying i feel so sick,negative,True,8,18,Twitter
isixhosa_298,isiXhosa,umntu athi ufuna a tall dark and handsome guy eloxesha yena sisgaqa sestiff papa,negative,True,2,14,Twitter
sepedi_163,Sepedi,lol wena otlamo kgona ke sho,positive,True,1,6,Twitter
setswana_222,Setswana,tshwanetse a boele gae once,neutral,True,1,5,Twitter
setswana_106,Setswana,o itsi which former td s osa itsi macarthy jaana,neutral,True,1,10,Twitter
isixhosa_109,isiXhosa,skibha looking at the initial tweet of this thread uwena owadingayo udle ngoba ulambile futhi,negative,True,2,15,Twitter
setswana_278,Setswana,bathong cuz ke phakela ke bollella mama gore ngwetsi gae happy,positive,True,1,11,Twitter
setswana_296,Setswana,re dumalana jaanong gore backup plan is important akere kamogelo,negative,True,1,10,Twitter
isixhosa_014,isiXhosa,uwfm88 106fm blaqmaci imibilisoumamthembu welkomumbulelo smileusiphe mbetshuuayabonga mnyaziuayabulela mantyikunye no nokwandisa jamani enkosi ndisemchonco,positive,True,1,14,Twitter
isixhosa_299,isiXhosa,this sisi zange sikhule sisenga irice okanye ioats thina,neutral,True,1,9,Twitter
sepedi_153,Sepedi,ao chris o bloma ekhaya kapa home as in ur palace,neutral,True,1,11,Twitter
isixhosa_079,isiXhosa,sithabileng iyafanabut this specific variant kuthiwa isuka eusa impela akvalwe lutho engenayo ✈️ emzansi,positive,True,1,13,Twitter
isixhosa_103,isiXhosa,mswenklondon soze 😂😂😂it cant be 14,positive,True,3,5,Twitter
sesotho_210,Sesotho,jacket eno e kholo haholo ehlile ha se ya motho a khutlelang hae,negative,True,1,13,Twitter
sepedi_112,Sepedi,bathong the season just started,neutral,True,2,5,Twitter
sepedi_227,Sepedi,please take a video ke bone mpe ke fole,negative,True,2,9,Twitter
isixhosa_086,isiXhosa,batswadi ba reng hle😭😭its important to remember gore social media is small bethuna😭😭,negative,True,1,14,Twitter
setswana_252,Setswana,enjoy it o swa hore ha o bona work day e hela jaana o ska gope ka weekend,positive,True,2,18,Twitter
sepedi_104,Sepedi,mpandlane o stlaela mos wena you cant even tell gore ntja e is not an eff member or o hloka borstol,negative,True,6,21,Twitter
sesotho_122,Sesotho,ha ke tsena mo lapeng bo ke re kome kome pap n cabbage is cant ka go slima,negative,True,2,18,Twitter
sesotho_120,Sesotho,3 weeks ntse ke qetela now,neutral,True,1,5,Twitter
setswana_025,Setswana,sadlala ihaba lamangisi nje kwasekuqaleni abadlali base english will give a 3 years bese kuphele nya,negative,True,2,15,Twitter
sesotho_287,Sesotho,yhiiiishe performed ubala i hope we were here neketlo khutla kele seretse mahlong kaho lla,negative,True,4,15,Twitter
isixhosa_161,isiXhosa,6 cars being stolen from the dealership is quite wild,neutral,True,3,9,Twitter
isixhosa_020,isiXhosa,i need to back to dating so that ndizophinda ndibe shy again because yintoni le bendiyi jaiva kula cofi izolo 😢,negative,True,4,20,Twitter
setswana_073,Setswana,mommy daddy all of mom s sibling s that are nomore bese my virginity,neutral,True,3,14,Twitter
sepedi_120,Sepedi,mara this year reka loka ko wild waters ne,neutral,True,1,9,Twitter
sepedi_054,Sepedi,le mo kwele amo he said till death,positive,True,1,8,Twitter
sepedi_152,Sepedi,on kamo phela is a rumor or an actual thing,negative,True,4,10,Twitter
sesotho_104,Sesotho,ntho e bo doro ba etsang tebogo is not right,negative,True,2,10,Twitter
isixhosa_289,isiXhosa,shegeminiaf yesana ndiyithe jep inoba ngumona klk there’s nothing else…yhuuu omonashe🤭,negative,True,1,13,Twitter
sepedi_208,Sepedi,nnete ho tla loka mokgotsi have an awesome day,negative,True,2,9,Twitter
isixhosa_235,isiXhosa,watched opw today all i can say is im joining tinder shame this year soze ndingabina boyfriend ndedwa kaloku😩,negative,True,5,19,Twitter
setswana_059,Setswana,yoh yoh yoh modimo a nthuse,negative,True,1,6,Twitter
isixhosa_197,isiXhosa,ingaske kuthwe masikhe singathethi ngamadoda for at least a week,neutral,True,1,10,Twitter
sepedi_233,Sepedi,yho lala there is no timetable,neutral,True,3,6,Twitter
sepedi_009,Sepedi,eyamaabane azanka ka no tshwara phone cuz network ne e sego the whole day,positive,True,3,14,Twitter
sepedi_160,Sepedi,ba tena kudu they are desperate to ruin her name,positive,True,2,10,Twitter
sepedi_037,Sepedi,whos that guy a klapuweng jwalo,positive,True,2,6,Twitter
sesotho_153,Sesotho,ka ipechetsa ka lori ya ko fairgrounds this year,neutral,True,1,9,Twitter
setswana_052,Setswana,mme kana gotswa kgakala gore those who were not on grants should pay back actually some prople have already paid back their loans,negative,True,8,23,Twitter
sepedi_254,Sepedi,it was wonderful you have so much passion honey its lovely no need to apologize hope you have a lovely friday,positive,True,10,21,Twitter
sesotho_004,Sesotho,ene go bata o mo etela i feel like his tweets would be funnier now that hes not a world leader,positive,True,9,21,Twitter
setswana_297,Setswana,lona bo tshega i hope lo nkemella ge ba ka mpotsa mqundu waka,positive,True,1,13,Twitter
isixhosa_149,isiXhosa,fitmasi kha ubuye kengoku so we can have a waxing date 😂😂🤣,positive,True,5,11,Twitter
setswana_281,Setswana,y all wouldn t be able to talk to me nka swenka botlhoko,neutral,True,2,13,Twitter
sesotho_272,Sesotho,nnyaa tlhe mma ke molwetseerile ere12 ebo gotwe ng ng ya lapeng so ke berekile 2 hours fela i hope le kmso ke tlaa busiwa,positive,True,2,24,Twitter
setswana_024,Setswana,ke ipotsa gore nekee sinkisiwa keng that tweet,neutral,True,1,8,Twitter
isixhosa_245,isiXhosa,sizwedhlomo and at this rate kushoda konke sisenjeni ngempela,neutral,True,2,9,Twitter
isixhosa_131,isiXhosa,sibugx inkinga yami i want to achieve all this in 2 days☹️,negative,True,2,11,Twitter
isixhosa_246,isiXhosa,marvin he’s forever smilinghleli nje ungunqekeinoba ulala iindlathi zibuhlungu🙄,negative,True,1,10,Twitter
sepedi_263,Sepedi,mpho hang those clothes lala and dont say a thing,neutral,True,4,10,Twitter
setswana_011,Setswana,the meal i made for myself hore nka tshola hape,neutral,True,2,10,Twitter
sepedi_298,Sepedi,go fisa kae maar durban re bolawa ke serame so,negative,True,1,10,Twitter
isixhosa_090,isiXhosa,c mphiwes they must send child support refunds will be done after bethuna 😂😂😂,positive,True,5,13,Twitter
sesotho_115,Sesotho,ebile go bata o harvesta metsi a teng ka jojo,neutral,True,1,10,Twitter
sepedi_151,Sepedi,ke mo joetsa nnete gore its one of the girlies,neutral,True,1,10,Twitter
isixhosa_046,isiXhosa,me phelokazi soze ke xandikhona 😳,positive,True,1,5,Twitter
sesotho_173,Sesotho,pila fela make it make sense,neutral,True,1,6,Twitter
isixhosa_053,isiXhosa,this is why ndithuma kemnake umntu makasebenze naye bethuna while evasa umntana i will prepare his lunch mntakabawo,neutral,True,5,18,Twitter
isixhosa_088,isiXhosa,i missed ugogo 😅 she was my fave isencanelengane,positive,True,4,8,Twitter
setswana_179,Setswana,le a mo itse ntate thuso motaung,neutral,True,1,7,Twitter
setswana_041,Setswana,bjale nkane le se no a fihla magole awe a lena la a fihla thaka le se ba poste le ba pipile le difahlego,positive,True,4,24,Twitter
isixhosa_290,isiXhosa,busiswa stemele 😂 kaloku yhihobby umatras apha kuthixa wena usithi my hobby is reading booksthina sithi my hobby is bedding someone,positive,True,4,20,Twitter
isixhosa_243,isiXhosa,just went to back to december 2005 just copped my first lacoste ngishaye ilambada impilo bekuyintokozo at the time,negative,True,4,18,Twitter
sesotho_251,Sesotho,some other teams are busy on window transfer but ya rena e busy e re jesa ke betway,negative,True,2,18,Twitter
setswana_040,Setswana,ijoo kana o rata attention jang the reference mxm nte ke didimale,positive,True,1,12,Twitter
isixhosa_036,isiXhosa,sinomlambo i dont know the pain of loosing a child but ngyakwazi ubunzima bokukhulisa umntwana lapho sowucala uku relaxer n this happen askies mamakhe,negative,True,6,24,Twitter
isixhosa_029,isiXhosa,uthabowisdom kuthiwe you know what youve got a good heartingxaki ndim next thing uyotyisa u thabo enext doorwena dololo ukutyiswa ubanjwe nge jab yeerrr amankazana afundileyo,negative,True,4,26,Twitter
sesotho_189,Sesotho,what if a cummile 8 times pele atla lapeng12 times oo ene ele go gamolela ga mafelo helahakelwe nekere what if,positive,True,5,20,Twitter
setswana_220,Setswana,kana ha ole mo true love ga o reetse akere,positive,True,1,10,Twitter
setswana_111,Setswana,it s not giving mara re tla reng go tlhopha bothuli madonsela,negative,True,2,12,Twitter
isixhosa_181,isiXhosa,mvelasep what kind of nyanga are you you already predicted 2033 manje wena have you done predictions for your own life,neutral,True,9,20,Twitter
sepedi_148,Sepedi,problem yagao o rata sunnyside too much,positive,True,2,7,Twitter
sepedi_147,Sepedi,not maputla looking like ghabadia,negative,True,2,5,Twitter
isixhosa_275,isiXhosa,solphendukaa hai kabi bahlali u jst cant with my child soze klkkunganuka kungabolanga,neutral,True,2,13,Twitter
isixhosa_063,isiXhosa,zeencle m lona what if doro le innos friendship ends and then go ba le friendship feud engwe mara anyways nna ke ready for izindaba👀,positive,True,3,25,Twitter
sesotho_046,Sesotho,i absolutely love working with khetha what a communicating king,positive,True,4,10,Twitter
sesotho_103,Sesotho,ne ke so hlahe ngwanana wena o sa bua ka dilemo,positive,True,1,11,Twitter
isixhosa_032,isiXhosa,aya dladla 🤣🤣🤣they dont care uziphe ixesha n listen to their conversations ba lapha emhlabeni 4 ubumnandi qha,negative,True,3,17,Twitter
isixhosa_055,isiXhosa,letoabarosemary shia legodi nami ngicela ibackdoor hook up please,neutral,True,1,9,Twitter
isixhosa_225,isiXhosa,chumiesa sundi force’a kaloku 🌚,positive,True,1,5,Twitter
setswana_060,Setswana,ke batla ale six kamoso phakela bubbles please,positive,True,1,8,Twitter
sesotho_164,Sesotho,really beautiful but nna ko my wedding tlabe golla makoti ka lapeng re khutjitje khutji khutji khutji so akitsi hey,positive,True,4,20,Twitter
sepedi_187,Sepedi,peace a se dilo tsao nhe,neutral,True,1,6,Twitter
setswana_009,Setswana,no maarn abantu baka facebook,positive,True,1,5,Twitter
sepedi_144,Sepedi,funda phela nawe i cant repeat myself,negative,True,2,7,Twitter
setswana_152,Setswana,farming herbs is not as easy as it seems im going through a lot di ntira jang di seedling,negative,True,5,19,Twitter
isixhosa_082,isiXhosa,not 45kgs saying ngicela ihot dog and chips now i must peel amazambane and fry them kodwa zalani anginamona,negative,True,6,19,Twitter
sepedi_198,Sepedi,slade sa batho se robetse is the funniest shit ive ever heard on a twitter space,neutral,True,3,16,Twitter
setswana_284,Setswana,she s in school o itse rragwe ngwana bogolo,neutral,True,2,9,Twitter
sepedi_280,Sepedi,first time in my life a gent im with goes out partying and i dont get shxt worried nah o ntsa etsang le bo mang wo,neutral,True,5,26,Twitter
sepedi_294,Sepedi,my weekend starts on thursday so re tlo bolela monday ke re ke le botse esale ka pela,neutral,True,2,18,Twitter
isixhosa_189,isiXhosa,zsimayi lindiwesisulusa you forgot about zizi kodwa and gwede mantashe mhlekazi,positive,True,2,11,Twitter
sesotho_101,Sesotho,heloo cada ke mametse kele bloemfontein le my husband karabelo mosotho kha bochabela kha,neutral,True,1,14,Twitter
sepedi_123,Sepedi,i was probably like this maabane luckily i was home,negative,True,7,10,Twitter
sepedi_203,Sepedi,ebe ba go botsise gore why o rata di sugar mommy,positive,True,1,11,Twitter
setswana_236,Setswana,gout gout ga a bate ke apara size 32 kana jaanong,positive,True,1,10,Twitter
sepedi_247,Sepedi,a re bakgotsi ba baka ketloba kenya ka plastiking keba behelle kwana,negative,True,1,12,Twitter
isixhosa_240,isiXhosa,mpedi86 haw ngeke soze i’ll one of the nola’s some of them are nice,neutral,True,4,16,Twitter
sesotho_085,Sesotho,rekopa hobo a that smile hle,positive,True,3,6,Twitter
setswana_255,Setswana,m dimo ore file sbaka sone se s baka kese s tla setswa go modimo are bueng,negative,True,1,17,Twitter
sepedi_220,Sepedi,so very short lisa we hope your beautiful family will continue supporting each other,positive,True,6,14,Twitter
setswana_042,Setswana,ao ntate lekota did malema allow them near the microphone,positive,True,3,10,Twitter
sepedi_002,Sepedi,go lorile pleasure a rwele ring not wena mjolo wa trapa,neutral,True,2,11,Twitter
sepedi_113,Sepedi,i saw mo di comments ek het net gesien ke lesepa la motho,positive,True,1,13,Twitter
setswana_099,Setswana,3 points in the bag bopha bhakabhaka,neutral,True,1,6,Twitter
isixhosa_052,isiXhosa,sosh lwana honestlyit looks like a certain poisonous something something 😭soze ngayishutha mina🤣,negative,True,2,13,Twitter
isixhosa_179,isiXhosa,nhlanhlathembah khona khona laim sure sekhona osecele inamba inkinga nje ukuthola umuntu onama good intentions,neutral,True,1,15,Twitter
sesotho_142,Sesotho,your list is piss coz thuso is not on there,negative,True,5,10,Twitter
setswana_064,Setswana,i m so lost about the bomra kgang,negative,True,3,8,Twitter
isixhosa_297,isiXhosa,recovery run runningwithtumisole fetchyourbody2022 i met umxhosa wakuthi then everything started 2 make sense bethunana😂,positive,True,1,14,Twitter
sesotho_018,Sesotho,good night ulale kahle busuku benzolo robala hantle goeie naghave a fantabulous thursday evening and sleep well,neutral,True,4,17,Twitter
setswana_049,Setswana,ake sigulise labo clever baka gb whatsapp text him or her uthi phuma sengifikile bese uya ku delete for everyone ngokushesha kuvele kunyiwe,negative,True,1,23,Twitter
setswana_110,Setswana,volcano ah malome that s a very bad name from today kgosi ke volcano,positive,True,5,14,Twitter
isixhosa_073,isiXhosa,mercychauke9 ekugcineni you want the activity vele 🫣,neutral,True,2,7,Twitter
setswana_028,Setswana,jaanong keng a re eiffel tower ya n y marathon,neutral,True,1,10,Twitter
setswana_033,Setswana,ga ke batle cod payflex is my new bestie or ke patala maar alles once off electronically,positive,True,3,17,Twitter
isixhosa_272,isiXhosa,one thing about me i’ll call umzali because ungumzali 😉,positive,True,3,10,Twitter
isixhosa_207,isiXhosa,africanmannnn ntandosgudla i think ezam leyngane eng’khuluma ngazo,neutral,True,1,9,Twitter
setswana_196,Setswana,kgang ke motorcycle he knows every detail,positive,True,1,7,Twitter
setswana_046,Setswana,miles wee nna i love you therra gape i can t live without you re dira jang,positive,True,6,17,Twitter
isixhosa_113,isiXhosa,chrisexcel102 wish someone could just inform him that as a country asivani nabantu abaziphethe ubuphara aziphathe kakuhle,positive,True,4,17,Twitter
sesotho_257,Sesotho,pedros daar ba rekisa maebana a etsang re be horny ke letswai tota,positive,True,2,13,Twitter
setswana_082,Setswana,yannong why o rasa sa goa ma 210 a mo gae a tshwere mama sentle,negative,True,3,14,Twitter
sesotho_278,Sesotho,dumela moratuwa i robetse hantle,positive,True,1,5,Twitter
sesotho_225,Sesotho,tsela eo ho chesang ka eona ho ntse ho na le motho a tlo robala a sa hlapa,positive,True,2,18,Twitter
isixhosa_160,isiXhosa,teezer lol as she should but uxolo😂😂,positive,True,4,7,Twitter
sesotho_241,Sesotho,watching rn at work nahana,neutral,True,1,5,Twitter
setswana_149,Setswana,i m trying to understand as to where did you get the 8 years from because before pitso mosimane mamelodi sundowns won nedbank cup in 2008,positive,True,6,24,Twitter
isixhosa_210,isiXhosa,ncncnc even though kanene pha emsebenzini same quarter ndikhe ndathukwa ndagcwaliselwa ndingenatyala ey bethuna but still performed so well 🥹,negative,True,3,19,Twitter
sesotho_185,Sesotho,january so far e ntse e ntsoere hantle,negative,True,1,8,Twitter
sepedi_096,Sepedi,a flower si beautiful naledi mogadime,positive,True,1,6,Twitter
isixhosa_121,isiXhosa,sjmauryy if someone interests you that much uyamngena…the rest keh uyobona phambili😹,positive,True,5,13,Twitter
sesotho_264,Sesotho,4202 o hlahile ka borena ka mara a maholo,positive,True,1,8,Twitter
setswana_143,Setswana,it was phoso ya mistake please now you ll think i m kgosi,negative,True,6,13,Twitter
setswana_264,Setswana,ke se ke utlwilejesu ha u mpitsau mpona ke lahlehileu re oa mpholosa e ke dumetsenthole morenantlhatswe nthlakudisiseke be motle le nna,positive,True,1,22,Twitter
setswana_292,Setswana,hahahaha i understand ka10 ke betsa the second skafthini,neutral,True,2,9,Twitter
isixhosa_139,isiXhosa,that bubble yintoni le ukuyo let’s meet at our spot,negative,True,2,11,Twitter
sepedi_207,Sepedi,serati sa ka mo gae or ra chommie ya ka it means kgale o ba eyile,neutral,True,2,16,Twitter
sesotho_093,Sesotho,re le thusa ho khetha le ho reka masela a matle,positive,True,1,11,Twitter
setswana_195,Setswana,nnyaa a ree beele next time,neutral,True,1,6,Twitter
setswana_271,Setswana,crush yame yone gagona hae tsenanag teng mo di review love it,positive,True,2,12,Twitter
sesotho_098,Sesotho,i feel for your kids nahana your dad saying such in this economy,negative,True,5,13,Twitter
setswana_167,Setswana,me o tshega mo go tse neng kere ko ra lesa maabane,neutral,True,1,12,Twitter
isixhosa_200,isiXhosa,let’s not forget who kabza de small is kaloku majimboz,neutral,True,3,11,Twitter
isixhosa_129,isiXhosa,crypto monnk myanc wiii labo… bahlulwa umsebenzi why mele kube namaveteran on these big companies thina esasingekho kumzabalazo ngeke sizinuke lezaykhundla,negative,True,2,21,Twitter
setswana_043,Setswana,e palama makhubu a radio tshipi ya majeremane 809 audio bouquet mahikeng,neutral,True,1,11,Twitter
setswana_013,Setswana,o tsene ke phefo go fi a,neutral,True,1,7,Twitter
isixhosa_061,isiXhosa,khosi please go to yemi abegbbtitans,neutral,True,1,6,Twitter
setswana_126,Setswana,izolo at this time bese ngibheke ekhaya aibo,neutral,True,1,8,Twitter
setswana_084,Setswana,eish o tlo mpoledisa thata,negative,True,1,5,Twitter
sepedi_099,Sepedi,potso e thata hakaalo it is what it is man,neutral,True,5,10,Twitter
setswana_205,Setswana,tshela mafura a atchaar once,negative,True,1,5,Twitter
sesotho_107,Sesotho,mathata ke go tsenya modimo mo dilong tse a sa di itseng,negative,True,1,12,Twitter
sesotho_203,Sesotho,ke tseba hantle mathata aka a o thabisa,positive,True,1,8,Twitter
isixhosa_172,isiXhosa,mosaroccoii wena uzawuthola kanjani umsebenzi ngesingisi esigamuke so,neutral,True,1,8,Twitter
isixhosa_157,isiXhosa,jenni did bbl kutheni kengku esisi shwapa,neutral,True,1,7,Twitter
isixhosa_030,isiXhosa,kutheni ingathi ugezeleka a bit too much njena umicah,neutral,True,2,9,Twitter
setswana_180,Setswana,kante ga o ikolota mme osena madi a go ituela o ira jang,negative,True,1,13,Twitter
sepedi_201,Sepedi,lol tjoo bathong wena wa rasa ai byyee nagana fela porridge ke ya bana,positive,True,1,14,Twitter
sepedi_135,Sepedi,o kile a re his life is danger,neutral,True,2,8,Twitter
isixhosa_152,isiXhosa,i’m too old to be waking up alone😭 lixesha loba nditshate okanye ndihlalisane eli,negative,True,2,15,Twitter
sepedi_041,Sepedi,ake happy ka mokhaba waka,positive,True,1,5,Twitter
isixhosa_118,isiXhosa,inoba what is life na sana,neutral,True,2,6,Twitter
sepedi_231,Sepedi,batho ba modimo whats going on here,positive,True,1,7,Twitter
sesotho_079,Sesotho,check on him hoseng le mofe metsi a tsoekere,positive,True,1,9,Twitter
sepedi_289,Sepedi,halala o nale motho theres hope for me also,negative,True,1,9,Twitter
sesotho_119,Sesotho,disinformation and misinformation ke eona ntho eo mohlomphehi a etsang,negative,True,2,10,Twitter
sesotho_092,Sesotho,load shedding ya hoseng when we are supposed to get ready for work ke masepa a fetang,negative,True,5,17,Twitter
sesotho_293,Sesotho,nxu stru o ja december fela knowing bana ba boela skolong and u wont find money motlhofo january,negative,True,2,18,Twitter
isixhosa_187,isiXhosa,veejay jacobs chomi i thought ndine ngxaki thanks for this,neutral,True,3,10,Twitter
setswana_048,Setswana,wait rainbow is cheaper than legae,neutral,True,2,6,Twitter
sesotho_221,Sesotho,manyalo a mo lapeng are gonna empty my account ke ya go ja birthday ke sa ithekela le yone cake ya spar ka november,negative,True,4,24,Twitter
sepedi_065,Sepedi,eish yeah neah mare i will talk about it more ke excited,negative,True,5,12,Twitter
sepedi_015,Sepedi,enjoy mama hope your boy is gonna watch 1 on sunday school holidays are here,negative,True,5,14,Twitter
isixhosa_165,isiXhosa,oluchy inkinga ilobhuti lo 🍆 he stands up when umlingani wakhe is around 🍑,positive,True,3,12,Twitter
sesotho_193,Sesotho,are re tsene jang ko lapeng,neutral,True,1,6,Twitter
sesotho_080,Sesotho,where are you based thuso,neutral,True,3,5,Twitter
sepedi_188,Sepedi,happy birthday o gole o lekane le tlou,negative,True,1,8,Twitter
setswana_164,Setswana,a gona bolwetsi mo fela re kopana le tsona ko matangwaneng healthy this one,positive,True,2,14,Twitter
sepedi_217,Sepedi,especially ga ke bona bashimoney thank you my nkels,positive,True,3,9,Twitter
setswana_192,Setswana,mme gone hel a kwete wa bo a tlhwahetse ne bathong go nna le merero hela e serious kana jang,negative,True,2,20,Twitter
isixhosa_177,isiXhosa,uluyanda gama bafo khandifake ezi taxinindifuna le line yase riverside viewill help you with excel 😂😂,negative,True,1,15,Twitter
setswana_279,Setswana,and my favourite season goree re bona sentle go sena di jacket,positive,True,2,12,Twitter
sesotho_038,Sesotho,wena hao mpone a motle kabo kgutshwane okare ntho ya bosiu nxa,positive,True,1,12,Twitter
setswana_120,Setswana,ke tla go check a phakela tsenya mo skaftini hoo,neutral,True,1,10,Twitter
sepedi_296,Sepedi,from kgale actually but all i get is dissapointments,negative,True,3,9,Twitter
isixhosa_117,isiXhosa,1 segaetshom jonga im already planning my umembeso😭😭,negative,True,2,7,Twitter
sesotho_156,Sesotho,who are you in anc position thuso,neutral,True,3,7,Twitter
setswana_216,Setswana,i finally found my omang after a whole month kesa itse ko ateng phakalane police station ntse bamo mpeetse sentle,positive,True,4,20,Twitter
sepedi_270,Sepedi,the removal of all over the age 56le ba eseng cabinet allof kamoka zonke,neutral,True,2,14,Twitter
isixhosa_096,isiXhosa,lejaka1 buhle mahlangu1 futhi i really cant sibadala kangaka kodwa uyasisanganisa😂😂😂,positive,True,3,11,Twitter
sepedi_202,Sepedi,for someone who spends a lot of time on facebook this one has zero posts and photos on facebookprofile ya gagwe e kare sepoko,negative,True,5,24,Twitter
sepedi_162,Sepedi,thats why kene ke thapa ka metsi a sediba a kopantsweng le mmu wa mabitla neke sa batle one masepa a,negative,True,4,21,Twitter
setswana_130,Setswana,go bosigo bathong a go robalweng,neutral,True,1,6,Twitter
sesotho_102,Sesotho,someone just won against sizwe ha ke tsebe haeba u se u e bone,positive,True,1,14,Twitter
setswana_103,Setswana,kaizer chiefs e tlhoka gore ba reka nama ya ostrich from moleko grills batla winna i kid you not,positive,True,3,19,Twitter
isixhosa_230,isiXhosa,grand master m you are a very good actor kaloku wenandiyakwazi,neutral,True,5,11,Twitter
sesotho_266,Sesotho,fubeng sa hae kajeno kea hatolohachee hake hloke lethoke bolokehile my moms wake up tune,negative,True,1,15,Twitter
isixhosa_122,isiXhosa,thato nmv it said jonga mna,negative,True,1,6,Twitter
isixhosa_126,isiXhosa,this is unacceptable nam angwathandi amasi bhut this no,neutral,True,4,9,Twitter
isixhosa_205,isiXhosa,mthojileka caba pregnancy izisa ingxaki in a relationship,negative,True,1,8,Twitter
sepedi_206,Sepedi,they made sure gore no one misses it,neutral,True,3,8,Twitter
sepedi_035,Sepedi,sester just 1 glass fela then back inside the casket i will save you a glass ha go nale mokete ha moagi,neutral,True,6,21,Twitter
setswana_176,Setswana,akhekho bhutwam ukhona ozvela bese uthi uyahlanganisa kube neytori uzomuzwa ethi indaba lento oyfuna isedurban and lomjita uspaane richards bay,neutral,True,1,20,Twitter
sesotho_209,Sesotho,at the end mosebetsi o ea phethahala,positive,True,1,7,Twitter
isixhosa_284,isiXhosa,just got home from gym and i actually want to pass out and sleep ndivuke ngomso at 6am,neutral,True,6,18,Twitter
sepedi_092,Sepedi,yo aowa this is beyond shocking,negative,True,2,6,Twitter
setswana_298,Setswana,one day retloba araba ene gwase be monate plus they don t like go butsisa nnete,negative,True,3,16,Twitter
sesotho_265,Sesotho,thuso motaung makes such impactful radio he literally helps people everyday on that show ha khethe nku ka pere,positive,True,2,19,Twitter
setswana_177,Setswana,hey wena if you re serious with football you ll get us a gk am tired o nale bothata mo setlopheng se,negative,True,7,22,Twitter
sepedi_242,Sepedi,maybe shes making sure gori di kgomo tsa family di sala ko lapeng,neutral,True,2,13,Twitter
sepedi_014,Sepedi,sepedi ga se tshwenye se no nyaka o nale kgahlego mo go sona first assignment translate what i said above,positive,True,3,20,Twitter
sesotho_016,Sesotho,ke nahana ke otluoe i date guys ba sa rateng bolo helek,neutral,True,1,12,Twitter
setswana_001,Setswana,also these noodles bang di gaisa rubbish ya maggi,neutral,True,1,9,Twitter
sesotho_088,Sesotho,i was taught to greet people i come across while still young so kea dumedisa haholo,positive,True,5,16,Twitter
sepedi_167,Sepedi,kgale ko gopotse chomi my friend,neutral,True,2,6,Twitter
setswana_241,Setswana,mme waitse lenna mahura a vaseline a ntsaya sentle letlalo la me at least le borethe,neutral,True,3,16,Twitter
sepedi_021,Sepedi,the most convenient system baya go tswala gosele gone ha,positive,True,2,10,Twitter
setswana_047,Setswana,don t fold ausi folding is for clothes,neutral,True,1,8,Twitter
isixhosa_255,isiXhosa,lizanjee funeka singavumi ukuvalelwa this time ngekhe kaloku😭,negative,True,1,8,Twitter
setswana_232,Setswana,is net o tshameka le dipatla ko pirates,neutral,True,1,8,Twitter
sesotho_263,Sesotho,money chelete gelt imali zaka le dickson mthondo,neutral,True,1,8,Twitter
isixhosa_271,isiXhosa,nandemabulu ngicela ungiphe your plug 😂,positive,True,1,5,Twitter
setswana_087,Setswana,yoh i couldn t even finish reading the list without feeling ashamed yesses kante rona reetsa eng ka matsoho arona,negative,True,3,20,Twitter
isixhosa_058,isiXhosa,love you loads ke bethunana🙃❤️,positive,True,2,5,Twitter
sepedi_190,Sepedi,bo im 25 no kidsplease write mileage of ur alsolena le wetsa batho kadi swimming pool shame,positive,True,1,16,Twitter
isixhosa_076,isiXhosa,collen km she switched from star to dove then boom hoe mode,neutral,True,1,12,Twitter
setswana_100,Setswana,ma 74 a dira tiro e ntle thata,positive,True,1,7,Twitter
sesotho_211,Sesotho,dawg ever since he cane and kana o gorogile ka injury dieman he needs to move on or retire idc just need him out my club,negative,True,6,26,Twitter
isixhosa_183,isiXhosa,busani mtalanam soze in gunners we trust,neutral,True,1,7,Twitter
sesotho_175,Sesotho,it feels so good to be a mosotho today,positive,True,6,9,Twitter
setswana_257,Setswana,let me take this opportunity ya go tshega ke tshege goreee,positive,True,2,11,Twitter
setswana_148,Setswana,eish this ts galaxy ke nou ko pitoli anyway am sundowns supporter re shapa batho botlhoko,positive,True,3,16,Twitter
sepedi_253,Sepedi,life is boring without football bona motho o robala early yang,negative,True,1,11,Twitter
sepedi_022,Sepedi,ba tlabile ngwana shem sorry hle,negative,True,1,6,Twitter
sesotho_160,Sesotho,so now i am late ke sebetsana le toilet and ho ipeha hantle,positive,True,5,13,Twitter
sepedi_277,Sepedi,so the trio bayakhala about food coz the ladies are refusing to cook and bona balambile abanazandla yini who will cook for them next week,negative,True,8,25,Twitter
isixhosa_056,isiXhosa,how will she then spend her allowance soze ebe ndim,neutral,True,3,10,Twitter
sesotho_086,Sesotho,thuso will forever self sabotage now hes gonna lose his job because he couldnt mind his business,negative,True,5,17,Twitter
setswana_206,Setswana,are we going to get a new poso handle out of this new development,neutral,True,4,14,Twitter
sesotho_044,Sesotho,dintho di palamane mos kamona lol,positive,True,1,6,Twitter
setswana_170,Setswana,kana rragwe lebz is my person hey he s in town briefly and ke happy gore,positive,True,5,16,Twitter
sepedi_131,Sepedi,eh i need a car that does a to z fela nna,negative,True,5,12,Twitter
setswana_272,Setswana,wa itsapa kana benefits di dintsi will do,positive,True,2,8,Twitter
isixhosa_224,isiXhosa,cabanga phela ngoba it’s not friday today 🥴,negative,True,3,8,Twitter
sepedi_088,Sepedi,makhadzi on saturday night sunday morning i have a photo shoot ha gona go iponatsa akere,positive,True,5,16,Twitter
sesotho_031,Sesotho,this is the only way it is done ladies and gentlemen way to an innovative lesotho khetha ka nepotsoao la eona ke pitsa ea sesotho,positive,True,9,25,Twitter
sesotho_167,Sesotho,ke nahana ke char from the onions or lets just say aesthetics and call it,neutral,True,5,15,Twitter
sepedi_122,Sepedi,wa bo o ntshimolla akere a ntse a lela jaana,negative,True,2,10,Twitter
isixhosa_145,isiXhosa,blessing xaba nodangala4 thetruthpanther some kids only eat at school and i dont even think they eat amasi monfri such a behavior can not be promoted,neutral,True,10,26,Twitter
isixhosa_196,isiXhosa,stemyhun jonga one thing about my home town bahle va i have exact same experience xa ndize apho🙆🏾‍♀️🙆🏾‍♀️🙆🏾‍♀️❤️‍🔥❤️‍🔥 ndiyakuva mna 🤞🏾,positive,True,4,20,Twitter
isixhosa_231,isiXhosa,kabeezy29 ngyabonga dali wami ❤️❤️❤️ but as msaki would say “ubomi abumanga” impilo kuzomele iqhubeke 🥺🥺,positive,True,2,14,Twitter
setswana_261,Setswana,bonolo said he wants a spider-man themed birthday party safe to say happy 4th birthday boy,positive,True,3,17,Twitter
isixhosa_227,isiXhosa,aphelelejody kanya kb jonga passport dusted visa loading and contract loading asobe ndive ngani rha,negative,True,1,15,Twitter
